EVENT_ID,CZ_NAME_STR,BEGIN_LOCATION,BEGIN_DATE,BEGIN_TIME,EVENT_TYPE,MAGNITUDE,TOR_F_SCALE,DEATHS_DIRECT,INJURIES_DIRECT,DAMAGE_PROPERTY_NUM,DAMAGE_CROPS_NUM,STATE_ABBR,CZ_TIMEZONE,MAGNITUDE_TYPE,EPISODE_ID,CZ_TYPE,CZ_FIPS,WFO,INJURIES_INDIRECT,DEATHS_INDIRECT,SOURCE,FLOOD_CAUSE,TOR_LENGTH,TOR_WIDTH,BEGIN_RANGE,BEGIN_AZIMUTH,END_RANGE,END_AZIMUTH,END_LOCATION,END_DATE,END_TIME,BEGIN_LAT,BEGIN_LON,END_LAT,END_LON,EVENT_NARRATIVE,EPISODE_NARRATIVE,ABSOLUTE_ROWNUMBER
10063615,ST. LOUIS CO., ,01/03/1950,1100,Tornado,0,F3,0,3,2500000,0,MO,CST, , ,C,189, ,0,0, , ,6.2,150,0, ,0, , ,01/03/1950,1100,38.77,-90.22,38.82,-90.12,"","",1
10009710,MADISON CO., ,01/03/1950,1110,Tornado,0,F3,0,0,250000,0,IL,CST, , ,C,119, ,0,0, , ,3.3,100,0, ,0, , ,01/03/1950,1110,38.82,-90.10,38.83,-90.03,"","",2
10009711,MONTGOMERY CO., ,01/03/1950,1155,Tornado,0,F3,0,3,250000,0,IL,CST, , ,C,135, ,0,0, , ,3.6,130,0, ,0, , ,01/03/1950,1155,39.10,-89.30,39.12,-89.23,"","",3
10086808,VAN WERT CO., ,01/03/1950,1600,Tornado,0,F1,0,1,25000,0,OH,CST, , ,C,161, ,0,0, , ,.1,33,0, ,0, , ,01/03/1950,1600,40.88,-84.58, , ,"","",4
9981922,POLK CO., ,01/13/1950,525,Tornado,0,F3,1,1,2500,0,AR,CST, , ,C,113, ,0,0, , ,.6,17,0, ,0, , ,01/13/1950,525,34.40,-94.37, , ,"","",5
10063616,IRON CO., ,01/25/1950,1930,Tornado,0,F2,0,5,250000,0,MO,CST, , ,C,93, ,0,0, , ,2.3,300,0, ,0, , ,01/25/1950,1930,37.60,-90.68,37.63,-90.65,"","",6
10009712,KANKAKEE CO., ,01/25/1950,2100,Tornado,0,F2,0,0,250000,0,IL,CST, , ,C,91, ,0,0, , ,0,100,0, ,0, , ,01/25/1950,2100,41.17,-87.33, , ,"","",7
10120401,BROOKS CO., ,01/26/1950,1800,Tornado,0,F2,0,2,0,0,TX,CST, , ,C,47, ,0,0, , ,4.7,133,0, ,0, , ,01/26/1950,1800,26.88,-98.12,26.88,-98.05,"","",8
10120402,BRAZORIA CO., ,02/11/1950,1310,Tornado,0,F2,0,0,25000,0,TX,CST, , ,C,39, ,0,0, , ,9.9,400,0, ,0, , ,02/11/1950,1310,29.42,-95.25,29.52,-95.13,"","",9
10120403,HARRIS CO., ,02/11/1950,1350,Tornado,0,F3,1,12,25000,0,TX,CST, , ,C,201, ,0,0, , ,12,1000,0, ,0, , ,02/11/1950,1350,29.67,-95.05,29.83,-95.00,"","",10
10120404,SMITH CO., ,02/11/1950,2100,Tornado,0,F2,0,5,250000,0,TX,CST, , ,C,423, ,0,0, , ,4.6,100,0, ,0, , ,02/11/1950,2100,32.35,-95.20,32.42,-95.20,"","",11
10120405,CASS CO., ,02/11/1950,2355,Tornado,0,F2,0,6,250000,0,TX,CST, , ,C,67, ,0,0, , ,4.5,67,0, ,0, , ,02/11/1950,2355,32.98,-94.63,33.00,-94.70,"","",12
10120406,BOWIE CO., ,02/12/1950,30,Tornado,0,F2,1,8,25000,0,TX,CST, , ,C,37, ,0,0, , ,8,833,0, ,0, , ,02/12/1950,30,33.33,-94.42,33.45,-94.42,"","",13
10120407,ERATH CO., ,02/12/1950,115,Tornado,0,F1,0,0,25000,0,TX,CST, , ,C,143, ,0,0, , ,2.3,233,0, ,0, , ,02/12/1950,115,32.08,-98.35,32.10,-98.33,"","",14
10120408,LIMESTONE CO., ,02/12/1950,610,Tornado,0,F2,0,0,25000,0,TX,CST, , ,C,293, ,0,0, , ,3.4,100,0, ,0, , ,02/12/1950,610,31.52,-96.55,31.57,-96.55,"","",15
10120409,SHELBY CO., ,02/12/1950,1157,Tornado,0,F1,0,32,250000,0,TX,CST, , ,C,419, ,0,0, , ,7.7,100,0, ,0, , ,02/12/1950,1157,31.80,-94.20,31.88,-94.12,"","",16
10120410,SHELBY CO., ,02/12/1950,1200,Tornado,0,F3,3,15,250000,0,TX,CST, , ,C,419, ,0,0, , ,1.9,50,0, ,0, , ,02/12/1950,1200,31.80,-94.20,31.80,-94.18,"","",17
10049524,UNION CO., ,02/12/1950,1200,Tornado,0,F1,0,0,0,0,MS,CST, , ,C,145, ,0,0, , ,2,33,0, ,0, , ,02/12/1950,1200,34.60,-89.12, , ,"","",18
10049525,UNION CO., ,02/12/1950,1200,Tornado,0,F2,3,2,25000,0,MS,CST, , ,C,145, ,0,0, , ,0,33,0, ,0, , ,02/12/1950,1200,34.60,-89.12, , ,"","",19
9981923,GRANT CO., ,02/12/1950,1230,Tornado,0,F2,0,0,2500,0,AR,CST, , ,C,53, ,0,0, , ,0,100,0, ,0, , ,02/12/1950,1230,34.48,-92.40, , ,"","",20
10032623,DE SOTO PAR., ,02/12/1950,1300,Tornado,0,F4,0,0,250000,0,LA,CST, , ,C,31, ,0,0, , ,29.8,100,0, ,0, , ,02/12/1950,1300,31.97,-94.00,32.35,-93.77,"","",21
10032624,DE SOTO PAR., ,02/12/1950,1320,Tornado,0,F2,0,0,250000,0,LA,CST, , ,C,31, ,0,0, , ,46.2,100,0, ,0, , ,02/12/1950,1320,32.20,-93.58,32.80,-93.23,"","",22
10032625,SABINE PAR., ,02/12/1950,1400,Tornado,0,F3,5,25,250000,0,LA,CST, , ,C,85, ,0,0, , ,17.6,100,0, ,0, , ,02/12/1950,1400,31.63,-93.65,31.83,-93.47,"","",23
10032626,CADDO PAR., ,02/12/1950,1400,Tornado,0,F4,9,40,250000,0,LA,CST, , ,C,17, ,0,0, , ,9,100,0, ,0, , ,02/12/1950,1400,32.35,-93.77,32.47,-93.70,"","",24
10032628,BOSSIER PAR., ,02/12/1950,1420,Tornado,0,F4,9,37,250000,0,LA,CST, , ,C,15, ,0,0, , ,30.7,100,0, ,0, , ,02/12/1950,1420,32.47,-93.70,32.85,-93.43,"","",25
10032627,CLAIBORNE PAR., ,02/12/1950,1420,Tornado,0,F2,5,10,250000,0,LA,CST, , ,C,27, ,0,0, , ,12.2,100,0, ,0, , ,02/12/1950,1420,32.80,-93.23,32.97,-93.17,"","",26
10032629,NATCHITOCHES PAR., ,02/12/1950,1430,Tornado,0,F3,0,0,250000,0,LA,CST, , ,C,69, ,0,0, , ,16.5,100,0, ,0, , ,02/12/1950,1430,31.83,-93.47,32.00,-93.27,"","",27
9981924,UNION CO., ,02/12/1950,1500,Tornado,0,F2,0,0,25000,0,AR,CST, , ,C,139, ,0,0, , ,5.7,100,0, ,0, , ,02/12/1950,1500,33.27,-92.95,33.35,-92.95,"","",28
10032630,NATCHITOCHES PAR., ,02/12/1950,1500,Tornado,0,F3,0,0,250000,0,LA,CST, , ,C,69, ,0,0, , ,13.3,100,0, ,0, , ,02/12/1950,1500,32.00,-93.27,32.18,-93.20,"","",29
10032631,WEBSTER PAR., ,02/12/1950,1500,Tornado,0,F4,0,0,250000,0,LA,CST, , ,C,119, ,0,0, , ,13.1,100,0, ,0, , ,02/12/1950,1500,32.85,-93.43,33.00,-93.30,"","",30
10032632,BIENVILLE PAR., ,02/12/1950,1520,Tornado,0,F3,0,0,250000,0,LA,CST, , ,C,13, ,0,0, , ,27.1,100,0, ,0, , ,02/12/1950,1520,32.18,-93.20,32.55,-93.03,"","",31
10032633,EAST CARROLL PAR., ,02/12/1950,2300,Tornado,0,F1,0,0,25000,0,LA,CST, , ,C,35, ,0,0, , ,.5,33,0, ,0, , ,02/12/1950,2300,32.60,-91.33, , ,"","",32
10126026,SHELBY CO., ,02/13/1950,100,Tornado,0,F1,0,8,2500,0,TN,CST, , ,C,157, ,0,0, , ,.2,7,0, ,0, , ,02/13/1950,100,35.35,-89.77, , ,"","",33
10126027,LAUDERDALE CO., ,02/13/1950,200,Tornado,0,F2,9,1,25000,0,TN,CST, , ,C,97, ,0,0, , ,.2,7,0, ,0, , ,02/13/1950,200,35.75,-89.48, , ,"","",34
10096216,OKLAHOMA CO., ,02/27/1950,1020,Tornado,0,F2,0,0,25000,0,OK,CST, , ,C,109, ,0,0, , ,2,50,0, ,0, , ,02/27/1950,1020,35.55,-97.60, , ,"","",35
10049526,LAUDERDALE CO., ,03/01/1950,230,Tornado,0,F1,0,0,0,0,MS,CST, , ,C,75, ,0,0, , ,0,33,0, ,0, , ,03/01/1950,230,32.50,-88.85, , ,"","",36
9985754,ST. JOHNS CO., ,03/16/1950,915,Tornado,0,F2,0,0,2500,0,FL,CST, , ,C,109, ,0,0, , ,1.5,150,0, ,0, , ,03/16/1950,915,29.65,-81.22, , ,"","",37
10032634,CALCASIEU PAR., ,03/19/1950,730,Tornado,0,F1,0,2,25000,0,LA,CST, , ,C,19, ,0,0, , ,2,33,0, ,0, , ,03/19/1950,730,30.45,-93.45, , ,"","",38
10032635,JEFFERSON PAR., ,03/19/1950,1315,Tornado,0,F0,0,0,25000,0,LA,CST, , ,C,51, ,0,0, , ,18.1,27,0, ,0, , ,03/19/1950,1315,29.70,-90.10,29.67,-89.80,"","",39
10032636,ASCENSION PAR., ,03/19/1950,1315,Tornado,0,F2,0,0,25000,0,LA,CST, , ,C,5, ,0,0, , ,1,50,0, ,0, , ,03/19/1950,1315,30.10,-91.00, , ,"","",40
9981925,CLARK CO., ,03/26/1950,1930,Tornado,0,F2,0,3,25000,0,AR,CST, , ,C,19, ,0,0, , ,4.1,150,0, ,0, , ,03/26/1950,1930,34.12,-93.07,34.17,-93.03,"","",41
9981926,HOT SPRING CO., ,03/26/1950,1930,Tornado,0,F2,0,0,25000,0,AR,CST, , ,C,59, ,0,0, , ,13.3,150,0, ,0, , ,03/26/1950,1930,34.17,-93.03,34.32,-92.88,"","",42
9982998,IZARD CO., ,03/26/1950,1931,Tornado,0,F3,0,1,250000,0,AR,CST, , ,C,65, ,0,0, , ,5.7,200,0, ,0, , ,03/26/1950,1931,36.15,-91.83,36.20,-91.75,"","",43
9982999,PULASKI CO., ,03/26/1950,2030,Tornado,0,F2,0,7,250000,0,AR,CST, , ,C,119, ,0,0, , ,10.4,600,0, ,0, , ,03/26/1950,2030,34.70,-92.35,34.80,-92.22,"","",44
9983000,PRAIRIE CO., ,03/26/1950,2115,Tornado,0,F3,0,20,250000,0,AR,CST, , ,C,117, ,0,0, , ,14.9,1760,0, ,0, , ,03/26/1950,2115,34.98,-91.73,35.08,-91.50,"","",45
9983001,WOODRUFF CO., ,03/26/1950,2330,Tornado,0,F2,0,2,0,0,AR,CST, , ,C,147, ,0,0, , ,5.4,833,0, ,0, , ,03/26/1950,2330,35.10,-91.40,35.15,-91.33,"","",46
10096217,PITTSBURG CO., ,03/27/1950,300,Tornado,0,F2,0,0,2500,0,OK,CST, , ,C,121, ,0,0, , ,.1,77,0, ,0, , ,03/27/1950,300,34.85,-95.75, , ,"","",47
10049527,HUMPHREYS CO., ,03/27/1950,500,Tornado,0,F2,1,2,0,0,MS,CST, , ,C,53, ,0,0, , ,0,33,0, ,0, , ,03/27/1950,500,33.17,-90.55, , ,"","",48
10032637,EAST CARROLL PAR., ,03/27/1950,600,Tornado,0,F1,0,2,25000,0,LA,CST, , ,C,35, ,0,0, , ,15.3,17,0, ,0, , ,03/27/1950,600,32.63,-91.28,32.73,-91.05,"","",49
10049528,ATTALA CO., ,03/27/1950,730,Tornado,0,F2,0,0,0,0,MS,CST, , ,C,7, ,0,0, , ,11.9,33,0, ,0, , ,03/27/1950,730,33.13,-89.57,33.25,-89.42,"","",50
10049529,HINDS CO., ,03/27/1950,745,Tornado,0,F2,0,7,250000,0,MS,CST, , ,C,49, ,0,0, , ,9,50,0, ,0, , ,03/27/1950,745,32.28,-90.27,32.30,-90.12,"","",51
10049530,HINDS CO., ,03/27/1950,745,Tornado,0,F2,0,6,250000,0,MS,CST, , ,C,49, ,0,0, , ,6.2,50,0, ,0, , ,03/27/1950,745,32.28,-90.27,32.30,-90.17,"","",52
10049531,RANKIN CO., ,03/27/1950,800,Tornado,0,F2,0,0,250000,0,MS,CST, , ,C,121, ,0,0, , ,50.3,50,0, ,0, , ,03/27/1950,800,32.30,-90.12,32.98,-89.82,"","",53
10049532,RANKIN CO., ,03/27/1950,805,Tornado,0,F2,0,0,250000,0,MS,CST, , ,C,121, ,0,0, , ,25.7,50,0, ,0, , ,03/27/1950,805,32.30,-90.17,32.48,-89.78,"","",54
10032638,EAST FELICIANA PAR., ,03/27/1950,830,Tornado,0,F1,0,0,25000,0,LA,CST, , ,C,37, ,0,0, , ,.5,27,0, ,0, , ,03/27/1950,830,30.92,-91.13, , ,"","",55
10049533,CLAY CO., ,03/27/1950,845,Tornado,0,F2,0,0,0,0,MS,CST, , ,C,25, ,0,0, , ,4.7,33,0, ,0, , ,03/27/1950,845,33.67,-88.78,33.72,-88.73,"","",56
10049534,TISHOMINGO CO., ,03/27/1950,1100,Tornado,0,F1,0,2,25000,0,MS,CST, , ,C,141, ,0,0, , ,.1,10,0, ,0, , ,03/27/1950,1100,34.73,-88.27, , ,"","",57
10126028,WARREN CO., ,03/27/1950,1500,Tornado,0,F1,0,0,2500,0,TN,CST, , ,C,177, ,0,0, , ,.2,7,0, ,0, , ,03/27/1950,1500,35.68,-85.77, , ,"","",58
10009713,MCLEAN CO., ,03/27/1950,1630,Tornado,0,F2,0,0,2500,0,IL,CST, , ,C,113, ,0,0, , ,3,50,0, ,0, , ,03/27/1950,1630,40.57,-88.60,40.60,-88.55,"","",59
9983002,JACKSON CO., ,04/02/1950,1530,Tornado,0,F3,1,8,2500,0,AR,CST, , ,C,67, ,0,0, , ,2.5,33,0, ,0, , ,04/02/1950,1530,35.75,-91.22, , ,"","",60
10096218,LINCOLN CO., ,04/02/1950,1800,Tornado,0,F2,0,0,25000,0,OK,CST, , ,C,81, ,0,0, , ,1,100,0, ,0, , ,04/02/1950,1800,35.82,-97.02, , ,"","",61
9983003,MISSISSIPPI CO., ,04/02/1950,1800,Tornado,0,F1,0,0,2500,0,AR,CST, , ,C,93, ,0,0, , ,.8,100,0, ,0, , ,04/02/1950,1800,35.98,-89.92, , ,"","",62
10096219,TULSA CO., ,04/03/1950,1615,Tornado,0,F1,0,0,2500,0,OK,CST, , ,C,143, ,0,0, , ,1,33,0, ,0, , ,04/03/1950,1615,36.13,-95.83, , ,"","",63
9979207,MOBILE CO., ,04/18/1950,130,Tornado,0,F3,0,15,25000,0,AL,CST, , ,C,97, ,0,0, , ,14,100,0, ,0, , ,04/18/1950,130,30.67,-88.20,30.85,-88.10,"","",64
9979423,BALDWIN CO., ,04/18/1950,145,Tornado,0,F2,0,0,2500,0,AL,CST, , ,C,3, ,0,0, , ,2,150,0, ,0, , ,04/18/1950,145,30.70,-87.92, , ,"","",65
10032639,ASCENSION PAR., ,04/24/1950,745,Tornado,0,F1,0,0,25000,0,LA,CST, , ,C,5, ,0,0, , ,2,100,0, ,0, , ,04/24/1950,745,30.10,-90.03, , ,"","",66
10117453,BERKELEY CO., ,04/27/1950,1600,Tornado,0,F1,0,0,25000,0,SC,CST, , ,C,15, ,0,0, , ,.7,37,0, ,0, , ,04/27/1950,1600,33.07,-80.00, , ,"","",67
10096220,KIOWA CO., ,04/28/1950,1417,Tornado,0,F3,1,1,250000,0,OK,CST, , ,C,75, ,0,0, , ,9.4,400,0, ,0, , ,04/28/1950,1417,34.88,-99.28,35.00,-99.20,"","",68
10096221,KIOWA CO., ,04/28/1950,1435,Tornado,0,F3,0,0,250000,0,OK,CST, , ,C,75, ,0,0, , ,8,400,0, ,0, , ,04/28/1950,1435,35.00,-99.20,35.12,-99.20,"","",69
10096222,WASHITA CO., ,04/28/1950,1445,Tornado,0,F3,0,0,250000,0,OK,CST, , ,C,149, ,0,0, , ,3.4,400,0, ,0, , ,04/28/1950,1445,35.12,-99.20,35.17,-99.20,"","",70
10027577,COFFEY CO., ,04/28/1950,1700,Tornado,0,F1,0,0,25000,0,KS,CST, , ,C,31, ,0,0, , ,19.8,33,0, ,0, , ,04/28/1950,1700,38.12,-95.85,38.35,-95.63,"","",71
10120411,CALLAHAN CO., ,04/28/1950,1800,Tornado,0,F4,5,5,250000,0,TX,CST, , ,C,59, ,0,0, , ,1.3,233,0, ,0, , ,04/28/1950,1800,32.42,-99.50,32.42,-99.48,"","",72
10096223,HUGHES CO., ,04/28/1950,1905,Tornado,0,F4,5,32,250000,0,OK,CST, , ,C,63, ,0,0, , ,4.5,200,0, ,0, , ,04/28/1950,1905,35.08,-96.40,35.13,-96.35,"","",73
10096224,COAL CO., ,04/28/1950,1930,Tornado,0,F2,0,0,25000,0,OK,CST, , ,C,29, ,0,0, , ,.8,100,0, ,0, , ,04/28/1950,1930,34.55,-96.20, , ,"","",74
10049535,MARION CO., ,04/29/1950,1200,Tornado,0,F2,0,0,250000,0,MS,CST, , ,C,91, ,0,0, , ,11.3,100,0, ,0, , ,04/29/1950,1200,31.27,-89.83,31.38,-89.70,"","",75
10120412,COMANCHE CO., ,04/29/1950,1530,Tornado,0,F1,0,0,25000,0,TX,CST, , ,C,93, ,0,0, , ,11.5,200,0, ,0, , ,04/29/1950,1530,31.90,-98.60,31.73,-98.60,"","",76
10032640,NATCHITOCHES PAR., ,05/01/1950,100,Tornado,0,F1,0,0,250000,0,LA,CST, , ,C,69, ,0,0, , ,2,100,0, ,0, , ,05/01/1950,100,31.70,-93.30, , ,"","",77
10050382,JEFFERSON CO., ,05/01/1950,500,Tornado,0,F1,0,0,25000,0,MS,CST, , ,C,63, ,0,0, , ,0,33,0, ,0, , ,05/01/1950,500,31.73,-91.07, , ,"","",78
10050383,ADAMS CO., ,05/01/1950,900,Tornado,0, ,0,0,25000,0,MS,CST, , ,C,1, ,0,0, , ,0,33,0, ,0, , ,05/01/1950,900,31.55,-91.38, , ,"","",79
10032641,WINN PAR., ,05/01/1950,1030,Tornado,0,F1,0,0,250000,0,LA,CST, , ,C,127, ,0,0, , ,15.4,150,0, ,0, , ,05/01/1950,1030,31.95,-92.63,32.05,-92.40,"","",80
10032642,NATCHITOCHES PAR., ,05/01/1950,1125,Tornado,0,F2,0,7,250000,0,LA,CST, , ,C,69, ,0,0, , ,3.6,100,0, ,0, , ,05/01/1950,1125,31.55,-92.90,31.57,-92.85,"","",81
10032643,LA SALLE PAR., ,05/01/1950,1130,Tornado,0,F0,0,0,25000,0,LA,CST, , ,C,59, ,0,0, , ,1,100,0, ,0, , ,05/01/1950,1130,31.75,-92.25, , ,"","",82
10032644,CONCORDIA PAR., ,05/01/1950,1130,Tornado,0,F1,0,2,25000,0,LA,CST, , ,C,29, ,0,0, , ,1,100,0, ,0, , ,05/01/1950,1130,31.38,-91.73, , ,"","",83
10032645,GRANT PAR., ,05/02/1950,200,Tornado,0,F1,0,0,250000,0,LA,CST, , ,C,43, ,0,0, , ,5.2,150,0, ,0, , ,05/02/1950,200,31.67,-92.90,31.72,-92.83,"","",84
10032646,WINN PAR., ,05/02/1950,200,Tornado,0,F1,0,1,250000,0,LA,CST, , ,C,127, ,0,0, , ,27.6,150,0, ,0, , ,05/02/1950,200,31.72,-92.83,32.00,-92.50,"","",85
10032647,CATAHOULA PAR., ,05/02/1950,300,Tornado,0,F2,1,5,250000,0,LA,CST, , ,C,25, ,0,0, , ,2,100,0, ,0, , ,05/02/1950,300,31.55,-91.97, , ,"","",86
10027578,RUSH CO., ,05/04/1950,2000,Tornado,0,F1,0,0,25000,0,KS,CST, , ,C,165, ,0,0, , ,0,33,0, ,0, , ,05/04/1950,2000,38.68,-99.32, , ,"","",87
10120413,OCHILTREE CO., ,05/04/1950,2030,Tornado,0,F2,1,13,250000,0,TX,CST, , ,C,357, ,0,0, , ,1.9,50,0, ,0, , ,05/04/1950,2030,36.40,-100.80,36.42,-100.77,"","",88
10017009,MILLS CO., ,05/04/1950,2100,Tornado,0,F1,0,0,30,0,IA,CST, , ,C,129, ,0,0, , ,0,33,0, ,0, , ,05/04/1950,2100,40.95,-95.73, , ,"","",89
10096225,CUSTER CO., ,05/04/1950,2130,Tornado,0,F1,0,0,2500,0,OK,CST, , ,C,39, ,0,0, , ,0,33,0, ,0, , ,05/04/1950,2130,35.58,-99.17, , ,"","",90
10096226,BECKHAM CO., ,05/04/1950,2130,Tornado,0,F2,0,0,25000,0,OK,CST, , ,C,9, ,0,0, , ,5.6,293,0, ,0, , ,05/04/1950,2130,35.25,-99.55,35.32,-99.50,"","",91
10096227,WOODWARD CO., ,05/04/1950,2145,Tornado,0,F2,0,0,250000,0,OK,CST, , ,C,153, ,0,0, , ,1,100,0, ,0, , ,05/04/1950,2145,36.57,-99.57, , ,"","",92
10027579,BARTON CO., ,05/04/1950,2310,Tornado,0,F4,0,0,250000,0,KS,CST, , ,C,9, ,0,0, , ,19.3,150,0, ,0, , ,05/04/1950,2310,38.03,-99.12,38.27,-98.92,"","",93
10027580,PAWNEE CO., ,05/04/1950,2330,Tornado,0,F4,0,1,250000,0,KS,CST, , ,C,145, ,0,0, , ,14.5,150,0, ,0, , ,05/04/1950,2330,38.27,-98.92,38.45,-98.78,"","",94
10027581,JACKSON CO., ,05/05/1950,330,Tornado,0,F3,0,12,250000,0,KS,CST, , ,C,85, ,0,0, , ,3.3,440,0, ,0, , ,05/05/1950,330,39.62,-95.62,39.65,-95.57,"","",95
10027582,BROWN CO., ,05/05/1950,340,Tornado,0,F3,0,0,250000,0,KS,CST, , ,C,13, ,0,0, , ,14,440,0, ,0, , ,05/05/1950,340,39.65,-95.57,39.85,-95.52,"","",96
10096228,ELLIS CO., ,05/07/1950,1830,Tornado,0,F1,0,0,0,0,OK,CST, , ,C,45, ,0,0, , ,0,33,0, ,0, , ,05/07/1950,1830,36.30,-99.80, , ,"","",97
10096229,PAYNE CO., ,05/07/1950,2300,Tornado,0,F1,0,0,2500,0,OK,CST, , ,C,119, ,0,0, , ,0,33,0, ,0, , ,05/07/1950,2300,36.00,-97.00, , ,"","",98
10096230,KINGFISHER CO., ,05/07/1950,2300,Tornado,0,F2,0,3,25000,0,OK,CST, , ,C,73, ,0,0, , ,4.3,33,0, ,0, , ,05/07/1950,2300,36.12,-97.83,36.17,-97.78,"","",99
10110746,HUTCHINSON CO., ,05/08/1950,430,Tornado,0,F1,0,0,2500,0,SD,CST, , ,C,67, ,0,0, , ,1,33,0, ,0, , ,05/08/1950,430,43.38,-97.97, , ,"","",100
9985755,VOLUSIA CO., ,05/08/1950,1300,Tornado,0,F1,0,0,2500,0,FL,CST, , ,C,127, ,0,0, , ,.3,30,0, ,0, , ,05/08/1950,1300,29.13,-81.35, , ,"","",101
10027583,MITCHELL CO., ,05/08/1950,1830,Tornado,0,F2,0,0,250000,0,KS,CST, , ,C,123, ,0,0, , ,12.6,660,0, ,0, , ,05/08/1950,1830,39.35,-98.48,39.47,-98.30,"","",102
10027584,JEWELL CO., ,05/08/1950,1900,Tornado,0,F2,0,1,25000,0,KS,CST, , ,C,89, ,0,0, , ,6.8,33,0, ,0, , ,05/08/1950,1900,39.57,-98.30,39.63,-98.20,"","",103
10017010,MONTGOMERY CO., ,05/08/1950,1920,Tornado,0,F2,0,0,0,0,IA,CST, , ,C,137, ,0,0, , ,0,200,0, ,0, , ,05/08/1950,1920,41.03,-95.27,41.02,-95.22,"","",104
10027585,OSBORNE CO., ,05/08/1950,1930,Tornado,0,F2,0,2,25000,0,KS,CST, , ,C,141, ,0,0, , ,19.6,440,0, ,0, , ,05/08/1950,1930,39.23,-98.95,39.23,-98.58,"","",105
10027586,CLOUD CO., ,05/08/1950,2117,Tornado,0,F1,0,1,25000,0,KS,CST, , ,C,29, ,0,0, , ,0,33,0, ,0, , ,05/08/1950,2117,39.40,-97.65, , ,"","",106
10027587,REPUBLIC CO., ,05/08/1950,2130,Tornado,0,F1,0,0,0,0,KS,CST, , ,C,157, ,0,0, , ,0,33,0, ,0, , ,05/08/1950,2130,39.72,-97.77, , ,"","",107
10073782,NEMAHA CO., ,05/08/1950,2210,Tornado,0,F2,0,1,25000,0,NE,CST, , ,C,127, ,0,0, , ,8.8,467,0, ,0, , ,05/08/1950,2210,40.38,-95.80,40.28,-95.68,"","",108
10027588,RILEY CO., ,05/09/1950,1,Tornado,0, ,0,0,25000,0,KS,CST, , ,C,161, ,0,0, , ,0,33,0, ,0, , ,05/09/1950,1,39.20,-96.58, , ,"","",109
10096231,PONTOTOC CO., ,05/09/1950,2020,Tornado,0,F1,0,0,25000,0,OK,CST, , ,C,123, ,0,0, , ,.8,200,0, ,0, , ,05/09/1950,2020,34.77,-96.83, , ,"","",110
10162813,UINTA CO., ,05/10/1950,1300,Tornado,0,F2,0,0,30,0,WY,CST, , ,C,41, ,0,0, , ,2,33,0, ,0, , ,05/10/1950,1300,41.18,-110.42, , ,"","",111
10096232,BEAVER CO., ,05/11/1950,1830,Tornado,0,F1,0,0,250,0,OK,CST, , ,C,7, ,0,0, , ,.5,77,0, ,0, , ,05/11/1950,1830,36.82,-100.52, , ,"","",112
10077690,PITT CO., ,05/12/1950,1400,Tornado,0,F1,0,0,25000,0,NC,CST, , ,C,147, ,0,0, , ,2,33,0, ,0, , ,05/12/1950,1400,35.75,-77.42, , ,"","",113
10077691,WAKE CO., ,05/12/1950,1700,Tornado,0,F0,0,0,0,0,NC,CST, , ,C,183, ,0,0, , ,1,200,0, ,0, , ,05/12/1950,1700,35.73,-78.40, , ,"","",114
10077692,WAKE CO., ,05/12/1950,1700,Tornado,0,F1,0,0,0,0,NC,CST, , ,C,183, ,0,0, , ,1,200,0, ,0, , ,05/12/1950,1700,35.73,-78.40, , ,"","",115
10032648,AVOYELLES PAR., ,05/13/1950,1130,Tornado,0,F1,0,0,25000,0,LA,CST, , ,C,9, ,0,0, , ,2,27,0, ,0, , ,05/13/1950,1130,31.15,-91.95, , ,"","",116
10120414,FORT BEND CO., ,05/14/1950,1600,Tornado,0,F1,0,0,2500,0,TX,CST, , ,C,157, ,0,0, , ,1,100,0, ,0, , ,05/14/1950,1600,29.53,-95.45, , ,"","",117
10077693,MONTGOMERY CO., ,05/14/1950,1700,Tornado,0,F1,0,0,2500,0,NC,CST, , ,C,123, ,0,0, , ,3.8,50,0, ,0, , ,05/14/1950,1700,35.30,-79.80,35.33,-79.75,"","",118
10077694,UNION CO., ,05/14/1950,1730,Tornado,0,F2,0,5,0,0,NC,CST, , ,C,179, ,0,0, , ,2,33,0, ,0, , ,05/14/1950,1730,35.00,-80.68, , ,"","",119
10120415,KENDALL CO., ,05/15/1950,1,Tornado,0,F2,0,0,25000,0,TX,CST, , ,C,259, ,0,0, , ,18,33,0, ,0, , ,05/15/1950,1,29.78,-98.83,29.67,-98.57,"","",120
9985756,ORANGE CO., ,05/15/1950,1100,Tornado,0,F1,0,0,25000,0,FL,CST, , ,C,95, ,0,0, , ,0,33,0, ,0, , ,05/15/1950,1100,28.58,-81.37, , ,"","",121
9985757,ORANGE CO., ,05/15/1950,1100,Tornado,0,F2,0,0,25000,0,FL,CST, , ,C,95, ,0,0, , ,0,33,0, ,0, , ,05/15/1950,1100,28.50,-81.37, , ,"","",122
10027589,KINGMAN CO., ,05/16/1950,1800,Tornado,0,F2,0,0,2500,0,KS,CST, , ,C,95, ,0,0, , ,.2,200,0, ,0, , ,05/16/1950,1800,37.55,-98.42, , ,"","",123
10096233,DEWEY CO., ,05/16/1950,1930,Tornado,0,F1,0,1,2500,0,OK,CST, , ,C,43, ,0,0, , ,7.3,100,0, ,0, , ,05/16/1950,1930,35.82,-99.12,35.87,-99.00,"","",124
10073783,RED WILLOW CO., ,05/18/1950,1515,Tornado,0,F1,0,0,25000,0,NE,CST, , ,C,145, ,0,0, , ,.7,333,0, ,0, , ,05/18/1950,1515,40.22,-100.63, , ,"","",125
10027590,JEWELL CO., ,05/18/1950,1900,Tornado,0,F0,0,0,2500,0,KS,CST, , ,C,89, ,0,0, , ,0,33,0, ,0, , ,05/18/1950,1900,39.85,-98.30, , ,"","",126
10027591,CHASE CO., ,05/18/1950,1900,Tornado,0,F3,0,2,250000,0,KS,CST, , ,C,17, ,0,0, , ,14.9,100,0, ,0, , ,05/18/1950,1900,38.12,-96.82,38.33,-96.82,"","",127
10027592,BUTLER CO., ,05/19/1950,130,Tornado,0,F0,0,0,2500,0,KS,CST, , ,C,15, ,0,0, , ,.1,33,0, ,0, , ,05/19/1950,130,37.82,-96.85, , ,"","",128
10096234,CUSTER CO., ,05/22/1950,1239,Tornado,0,F1,0,0,0,0,OK,CST, , ,C,39, ,0,0, , ,1.5,100,0, ,0, , ,05/22/1950,1239,35.67,-99.23, , ,"","",129
10027593,PHILLIPS CO., ,05/23/1950,1800,Tornado,0,F0,0,0,25000,0,KS,CST, , ,C,147, ,0,0, , ,.2,250,0, ,0, , ,05/23/1950,1800,39.75,-99.32, , ,"","",130
10027594,COMANCHE CO., ,05/24/1950,1330,Tornado,0,F2,0,1,2500,0,KS,CST, , ,C,33, ,0,0, , ,3.6,77,0, ,0, , ,05/24/1950,1330,37.27,-99.48,37.28,-99.42,"","",131
10027595,RILEY CO., ,05/24/1950,1730,Tornado,0,F1,0,0,25000,0,KS,CST, , ,C,161, ,0,0, , ,10.7,40,0, ,0, , ,05/24/1950,1730,39.38,-96.97,39.45,-96.78,"","",132
10096235,WOODWARD CO., ,05/24/1950,2130,Tornado,0,F2,0,2,25000,0,OK,CST, , ,C,153, ,0,0, , ,1,33,0, ,0, , ,05/24/1950,2130,36.45,-99.03, , ,"","",133
10120416,DAWSON CO., ,05/25/1950,1630,Tornado,0,F1,0,0,2500,0,TX,CST, , ,C,115, ,0,0, , ,3,880,0, ,0, , ,05/25/1950,1630,32.67,-101.88,32.65,-101.85,"","",134
10096236,MAYES CO., ,05/29/1950,1448,Tornado,0,F1,0,0,250,0,OK,CST, , ,C,97, ,0,0, , ,1,33,0, ,0, , ,05/29/1950,1448,36.38,-95.27, , ,"","",135
10120417,DENTON CO., ,05/29/1950,1700,Tornado,0,F1,0,0,0,0,TX,CST, , ,C,121, ,0,0, , ,3.4,267,0, ,0, , ,05/29/1950,1700,33.35,-96.92,33.30,-96.92,"","",136
10032649,DE SOTO PAR., ,05/29/1950,2300,Tornado,0,F1,0,13,25000,0,LA,CST, , ,C,31, ,0,0, , ,1,27,0, ,0, , ,05/29/1950,2300,32.10,-93.90, , ,"","",137
10032650,SABINE PAR., ,05/29/1950,2300,Tornado,0,F1,0,0,25000,0,LA,CST, , ,C,85, ,0,0, , ,1,27,0, ,0, , ,05/29/1950,2300,31.67,-93.70, , ,"","",138
10001430,WHITFIELD CO., ,05/30/1950,1400,Tornado,0,F1,0,0,2500,0,GA,CST, , ,C,313, ,0,0, , ,.5,7,0, ,0, , ,05/30/1950,1400,34.75,-84.92, , ,"","",139
10077695,PITT CO., ,05/31/1950,1530,Tornado,0,F1,0,0,2500,0,NC,CST, , ,C,147, ,0,0, , ,0,33,0, ,0, , ,05/31/1950,1530,35.42,-77.25, , ,"","",140
10050384,ATTALA CO., ,06/03/1950,100,Tornado,0,F3,2,1,0,0,MS,CST, , ,C,7, ,0,0, , ,2,50,0, ,0, , ,06/03/1950,100,33.08,-89.58, , ,"","",141
10001431,CARROLL CO., ,06/04/1950,600,Tornado,0,F0,0,0,2500,0,GA,CST, , ,C,45, ,0,0, , ,2,200,0, ,0, , ,06/04/1950,600,33.68,-84.93, , ,"","",142
10001432,DE KALB CO., ,06/04/1950,800,Tornado,0,F1,0,1,25000,0,GA,CST, , ,C,89, ,0,0, , ,3.3,7,0, ,0, , ,06/04/1950,800,33.85,-84.25,33.85,-84.20,"","",143
10120418,WASHINGTON CO., ,06/05/1950,1555,Tornado,0,F3,0,6,250000,0,TX,CST, , ,C,477, ,0,0, , ,23.9,67,0, ,0, , ,06/05/1950,1555,30.18,-96.40,30.02,-96.05,"","",144
10120419,AUSTIN CO., ,06/05/1950,1600,Tornado,0,F1,0,2,2500000,0,TX,CST, , ,C,15, ,0,0, , ,23.7,33,0, ,0, , ,06/05/1950,1600,29.90,-96.40,29.72,-96.07,"","",145
10162814,NIOBRARA CO., ,06/07/1950,1530,Tornado,0,F1,0,0,30,0,WY,CST, , ,C,27, ,0,0, , ,.2,10,0, ,0, , ,06/07/1950,1530,43.08,-104.50, , ,"","",146
10001433,LAMAR CO., ,06/07/1950,1730,Tornado,0,F1,0,0,2500,0,GA,CST, , ,C,171, ,0,0, , ,2,300,0, ,0, , ,06/07/1950,1730,33.03,-84.15, , ,"","",147
10027596,RICE CO., ,06/08/1950,2010,Tornado,0,F4,0,0,250000,0,KS,CST, , ,C,159, ,0,0, , ,0,700,0, ,0, , ,06/08/1950,2010,38.33,-97.93,38.33,-97.92,"","",148
10027597,MCPHERSON CO., ,06/08/1950,2015,Tornado,0,F4,1,5,250000,0,KS,CST, , ,C,113, ,0,0, , ,17.1,700,0, ,0, , ,06/08/1950,2015,38.33,-97.92,38.33,-97.60,"","",149
10063617,PULASKI CO., ,06/09/1950,1300,Tornado,0,F1,0,0,2500,0,MO,CST, , ,C,169, ,0,0, , ,2.7,220,0, ,0, , ,06/09/1950,1300,38.00,-92.22,38.02,-92.17,"","",150
10096237,KAY CO., ,06/09/1950,1825,Tornado,0,F1,0,0,2500,0,OK,CST, , ,C,71, ,0,0, , ,0,100,0, ,0, , ,06/09/1950,1825,36.80,-97.25, , ,"","",151
10009714,CARROLL CO., ,06/13/1950,300,Tornado,0,F1,0,0,25000,0,IL,CST, , ,C,15, ,0,0, , ,0,33,0, ,0, , ,06/13/1950,300,41.95,-89.77, , ,"","",152
10089655,CASS CO., ,06/13/1950,1105,Tornado,0,F3,0,0,250000,0,ND,CST, , ,C,17, ,0,0, , ,2,33,0, ,0, , ,06/13/1950,1105,46.80,-97.92, , ,"","",153
10073784,KNOX CO., ,06/13/1950,1730,Tornado,0,F2,0,101,25000,0,NE,CST, , ,C,107, ,0,0, , ,4.1,33,0, ,0, , ,06/13/1950,1730,42.60,-97.88,42.65,-97.82,"","",154
10162815,WESTON CO., ,06/14/1950,1600,Tornado,0,F1,0,0,30,0,WY,CST, , ,C,45, ,0,0, , ,.2,10,0, ,0, , ,06/14/1950,1600,44.13,-104.18, , ,"","",155
10089656,DIVIDE CO., ,06/14/1950,1700,Tornado,0,F3,0,0,25000,0,ND,CST, , ,C,23, ,0,0, , ,23.7,33,0, ,0, , ,06/14/1950,1700,48.92,-103.77,48.78,-103.28,"","",156
10063618,SHELBY CO., ,06/15/1950,100,Tornado,0,F1,0,0,2500,0,MO,CST, , ,C,205, ,0,0, , ,.2,100,0, ,0, , ,06/15/1950,100,39.70,-92.07, , ,"","",157
10052051,WILKIN CO., ,06/15/1950,1642,Tornado,0,F2,0,4,2500,0,MN,CST, , ,C,167, ,0,0, , ,4.6,67,0, ,0, , ,06/15/1950,1642,46.58,-96.33,46.52,-96.33,"","",158
10017011,STORY CO., ,06/15/1950,2000,Tornado,0,F3,0,5,0,0,IA,CST, , ,C,169, ,0,0, , ,5.6,300,0, ,0, , ,06/15/1950,2000,41.98,-93.60,41.97,-93.48,"","",159
10028460,WICHITA CO., ,06/16/1950,1530,Tornado,0,F1,0,0,25000,0,KS,CST, , ,C,203, ,0,0, , ,29.9,33,0, ,0, , ,06/16/1950,1530,38.28,-101.28,38.70,-101.13,"","",160
10120420,HARTLEY CO., ,06/19/1950,2040,Tornado,0,F0,0,0,0,0,TX,CST, , ,C,205, ,0,0, , ,15.8,167,0, ,0, , ,06/19/1950,2040,36.08,-102.53,36.08,-102.25,"","",161
10073785,NUCKOLLS CO., ,06/22/1950,2100,Tornado,0,F0,0,0,0,0,NE,CST, , ,C,129, ,0,0, , ,1.9,33,0, ,0, , ,06/22/1950,2100,40.18,-98.03,40.20,-97.98,"","",162
10028461,SEDGWICK CO., ,06/25/1950,1845,Tornado,0,F0,0,0,2500,0,KS,CST, , ,C,173, ,0,0, , ,.1,33,0, ,0, , ,06/25/1950,1845,37.77,-97.47, , ,"","",163
10146801,RUSK CO., ,06/25/1950,1920,Tornado,0, ,0,0,25000,0,WI,CST, , ,C,107, ,0,0, , ,.5,33,0, ,0, , ,06/25/1950,1920,45.42,-91.00, , ,"","",164
10146802,PRICE CO., ,06/25/1950,2030,Tornado,0,F2,0,0,250000,0,WI,CST, , ,C,99, ,0,0, , ,8.4,33,0, ,0, , ,06/25/1950,2030,45.57,-90.30,45.57,-90.12,"","",165
10146803,CLARK CO., ,06/25/1950,2100,Tornado,0,F2,1,0,25000,0,WI,CST, , ,C,19, ,0,0, , ,5.1,17,0, ,0, , ,06/25/1950,2100,44.83,-90.35,44.92,-90.32,"","",166
10146804,ONEIDA CO., ,06/25/1950,2100,Tornado,0,F4,2,12,250000,0,WI,CST, , ,C,85, ,0,0, , ,13.1,880,0, ,0, , ,06/25/1950,2100,45.58,-89.58,45.67,-89.33,"","",167
10028462,GRAHAM CO., ,06/25/1950,2100,Tornado,0,F0,0,0,2500,0,KS,CST, , ,C,65, ,0,0, , ,.1,33,0, ,0, , ,06/25/1950,2100,39.50,-99.62, , ,"","",168
10146805,MARATHON CO., ,06/25/1950,2110,Tornado,0,F2,0,0,25000,0,WI,CST, , ,C,73, ,0,0, , ,2.7,17,0, ,0, , ,06/25/1950,2110,44.92,-90.32,44.97,-90.28,"","",169
10146806,GREEN LAKE CO., ,06/25/1950,2330,Tornado,0,F3,0,0,250000,0,WI,CST, , ,C,47, ,0,0, , ,0,300,0, ,0, , ,06/25/1950,2330,43.95,-88.95,43.97,-88.93,"","",170
10028463,RILEY CO., ,07/01/1950,1200,Tornado,0,F1,0,1,25000,0,KS,CST, , ,C,161, ,0,0, , ,0,33,0, ,0, , ,07/01/1950,1200,39.30,-96.92, , ,"","",171
10028464,DICKINSON CO., ,07/01/1950,1200,Tornado,0,F2,0,0,25000,0,KS,CST, , ,C,41, ,0,0, , ,0,33,0, ,0, , ,07/01/1950,1200,38.70,-97.08, , ,"","",172
10017012,BUCHANAN CO., ,07/01/1950,2000,Tornado,0,F2,0,0,0,0,IA,CST, , ,C,19, ,0,0, , ,14,33,0, ,0, , ,07/01/1950,2000,42.45,-91.92, , ,"","",173
10028673,SCOTT CO., ,07/02/1950,1900,Tornado,0,F2,0,0,2500000,0,KS,CST, , ,C,171, ,0,0, , ,1,90,0, ,0, , ,07/02/1950,1900,38.47,-100.88, , ,"","",174
10004028,ST. JOSEPH CO., ,07/03/1950,1820,Tornado,0, ,0,0,0,0,IN,CST, , ,C,141, ,0,0, , ,0,33,0, ,0, , ,07/03/1950,1820,41.65,-86.30, , ,"","",175
10104927,LEHIGH CO., ,07/05/1950,1800,Tornado,0,F2,0,2,25000,0,PA,CST, , ,C,77, ,0,0, , ,12.9,33,0, ,0, , ,07/05/1950,1800,40.58,-75.70,40.65,-75.47,"","",176
10104928,DAUPHIN CO., ,07/05/1950,1830,Tornado,0,F2,0,0,2500,0,PA,CST, , ,C,43, ,0,0, , ,0,13,0, ,0, , ,07/05/1950,1830,40.60,-76.75, , ,"","",177
10028674,MARSHALL CO., ,07/08/1950,2245,Tornado,0,F1,0,0,25000,0,KS,CST, , ,C,117, ,0,0, , ,1,90,0, ,0, , ,07/08/1950,2245,39.82,-96.80, , ,"","",178
10080563,QUAY CO., ,07/11/1950,1700,Tornado,0,F1,0,0,250,0,NM,CST, , ,C,37, ,0,0, , ,3.8,500,0, ,0, , ,07/11/1950,1700,35.28,-103.52,35.33,-103.48,"","",179
9986148,MIDDLESEX CO., ,07/12/1950,1600,Tornado,0,F2,0,0,2500,0,CT,CST, , ,C,7, ,0,0, , ,10,33,0, ,0, , ,07/12/1950,1600,41.57,-72.57, , ,"","",180
9986149,FAIRFIELD CO., ,07/14/1950,630,Tornado,0,F2,0,3,250000,0,CT,CST, , ,C,1, ,0,0, , ,5,100,0, ,0, , ,07/14/1950,630,41.27,-73.50, , ,"","",181
10073786,BURT CO., ,07/15/1950,1730,Tornado,0,F4,0,33,2500000,0,NE,CST, , ,C,21, ,0,0, , ,10,440,0, ,0, , ,07/15/1950,1730,41.80,-96.60,41.73,-96.42,"","",182
10009715,LIVINGSTON CO., ,07/16/1950,2215,Tornado,0,F1,0,0,25000,0,IL,CST, , ,C,105, ,0,0, , ,1,33,0, ,0, , ,07/16/1950,2215,41.08,-88.43, , ,"","",183
10028675,ALLEN CO., ,07/18/1950,1630,Tornado,0,F1,0,0,0,0,KS,CST, , ,C,1, ,0,0, , ,0,33,0, ,0, , ,07/18/1950,1630,37.68,-95.52, , ,"","",184
10004029,FOUNTAIN CO., ,07/19/1950,1430,Tornado,0,F1,0,0,25000,0,IN,CST, , ,C,45, ,0,0, , ,4.3,200,0, ,0, , ,07/19/1950,1430,40.22,-87.15,40.18,-87.07,"","",185
10086809,VAN WERT CO., ,07/19/1950,1515,Tornado,0,F2,0,0,0,0,OH,CST, , ,C,161, ,0,0, , ,0,200,0, ,0, , ,07/19/1950,1515,40.80,-84.62,40.82,-84.58,"","",186
10086810,ALLEN CO., ,07/19/1950,1515,Tornado,0,F3,0,30,2500000,0,OH,CST, , ,C,3, ,0,0, , ,9.7,300,0, ,0, , ,07/19/1950,1515,40.72,-84.08,40.83,-83.97,"","",187
10063619,MORGAN CO., ,07/19/1950,1600,Tornado,0,F1,0,0,250,0,MO,CST, , ,C,141, ,0,0, , ,1.5,440,0, ,0, , ,07/19/1950,1600,38.42,-92.77, , ,"","",188
10004030,ALLEN CO., ,07/19/1950,1745,Tornado,0,F2,0,0,0,0,IN,CST, , ,C,3, ,0,0, , ,1.1,100,0, ,0, , ,07/19/1950,1745,41.07,-85.08,41.08,-85.08,"","",189
9991325,WELD CO., ,07/22/1950,1507,Tornado,0, ,0,0,0,0,CO,CST, , ,C,123, ,0,0, , ,0,33,0, ,0, , ,07/22/1950,1507,40.52,-104.57, , ,"","",190
10104929,CRAWFORD CO., ,07/24/1950,1440,Tornado,0,F0,0,0,2500,0,PA,CST, , ,C,39, ,0,0, , ,0,33,0, ,0, , ,07/24/1950,1440,41.63,-79.68, , ,"","",191
10077696,PITT CO., ,07/26/1950,1530,Tornado,0,F1,0,0,0,0,NC,CST, , ,C,147, ,0,0, , ,0,33,0, ,0, , ,07/26/1950,1530,35.53,-77.40, , ,"","",192
10077697,CABARRUS CO., ,07/27/1950,1620,Tornado,0,F1,0,0,2500,0,NC,CST, , ,C,25, ,0,0, , ,0,33,0, ,0, , ,07/27/1950,1620,35.40,-80.57, , ,"","",193
10080564,SOCORRO CO., ,08/02/1950,1230,Tornado,0,F1,0,0,25000,0,NM,CST, , ,C,53, ,0,0, , ,7.9,100,0, ,0, , ,08/02/1950,1230,34.12,-107.23,34.02,-107.30,"","",194
9991326,SEDGWICK CO., ,08/05/1950,1730,Tornado,0,F2,0,1,25000,0,CO,CST, , ,C,115, ,0,0, , ,0,33,0, ,0, , ,08/05/1950,1730,40.73,-102.55,40.72,-102.52,"","",195
9991327,SEDGWICK CO., ,08/05/1950,1735,Tornado,0,F2,0,0,25000,0,CO,CST, , ,C,115, ,0,0, , ,0,33,0, ,0, , ,08/05/1950,1735,40.70,-102.50,40.68,-102.47,"","",196
10028676,RAWLINS CO., ,08/06/1950,1500,Tornado,0,F1,0,0,25000,0,KS,CST, , ,C,153, ,0,0, , ,0,33,0, ,0, , ,08/06/1950,1500,39.93,-101.00, , ,"","",197
10028677,FINNEY CO., ,08/06/1950,1800,Tornado,0,F2,0,0,2500,0,KS,CST, , ,C,55, ,0,0, , ,0,33,0, ,0, , ,08/06/1950,1800,37.97,-100.77, , ,"","",198
10028678,GOVE CO., ,08/06/1950,1830,Tornado,0,F2,0,0,250000,0,KS,CST, , ,C,63, ,0,0, , ,8.7,33,0, ,0, , ,08/06/1950,1830,39.13,-100.63,39.12,-100.47,"","",199
10063620,GREENE CO., ,08/08/1950,100,Tornado,0,F1,0,0,250,0,MO,CST, , ,C,77, ,0,0, , ,2,10,0, ,0, , ,08/08/1950,100,37.13,-93.38, , ,"","",200
10147653,WOOD CO., ,08/09/1950,1655,Tornado,0,F1,0,0,0,0,WV,CST, , ,C,107, ,0,0, , ,5,33,0, ,0, , ,08/09/1950,1655,39.28,-81.38, , ,"","",201
10038920,KENT CO., ,08/11/1950,1700,Tornado,0,F1,0,0,2500,0,MD,CST, , ,C,29, ,0,0, , ,6,33,0, ,0, , ,08/11/1950,1700,39.33,-75.87, , ,"","",202
9983004,ARKANSAS CO., ,08/24/1950,345,Tornado,0,F2,0,7,25000,0,AR,CST, , ,C,1, ,0,0, , ,3.6,200,0, ,0, , ,08/24/1950,345,34.40,-91.43,34.43,-91.38,"","",203
10028679,HASKELL CO., ,08/28/1950,1450,Tornado,0,F1,0,0,0,0,KS,CST, , ,C,81, ,0,0, , ,7.2,33,0, ,0, , ,08/28/1950,1450,37.47,-100.82,37.42,-100.70,"","",204
10104930,BUCKS CO., ,08/29/1950,1600,Tornado,0,F1,0,0,2500,0,PA,CST, , ,C,17, ,0,0, , ,1,33,0, ,0, , ,08/29/1950,1600,40.22,-75.00, , ,"","",205
9985758,FRANKLIN CO., ,08/30/1950,1600,Tornado,0,F1,0,0,25000,0,FL,CST, , ,C,37, ,0,0, , ,.5,50,0, ,0, , ,08/30/1950,1600,29.73,-84.98, , ,"","",206
9985759,JACKSON CO., ,08/31/1950,2,Tornado,0, ,0,0,2500,0,FL,CST, , ,C,63, ,0,0, , ,0,33,0, ,0, , ,08/31/1950,2,30.80,-85.20, , ,"","",207
10099490,HUGHES CO., ,09/15/1950,1745,Tornado,0,F2,0,6,250000,0,OK,CST, , ,C,63, ,0,0, , ,6.8,100,0, ,0, , ,09/15/1950,1745,35.00,-96.25,35.07,-96.17,"","",208
10099491,PITTSBURG CO., ,09/16/1950,130,Tornado,0,F0,0,0,250,0,OK,CST, , ,C,121, ,0,0, , ,0,33,0, ,0, , ,09/16/1950,130,34.83,-95.85, , ,"","",209
10073787,LANCASTER CO., ,09/21/1950,1730,Tornado,0,F1,0,0,2500,0,NE,CST, , ,C,109, ,0,0, , ,22.5,67,0, ,0, , ,09/21/1950,1730,40.72,-96.82,40.72,-96.38,"","",210
10099492,CIMARRON CO., ,10/01/1950,2100,Tornado,0,F1,0,0,25000,0,OK,CST, , ,C,25, ,0,0, , ,15.8,33,0, ,0, , ,10/01/1950,2100,36.73,-102.52,36.88,-102.30,"","",211
10077698,COLUMBUS CO., ,10/09/1950,215,Tornado,0,F3,0,3,250000,0,NC,CST, , ,C,47, ,0,0, , ,2,880,0, ,0, , ,10/09/1950,215,34.17,-78.60, , ,"","",212
10104931,LANCASTER CO., ,11/04/1950,1700,Tornado,0,F3,0,1,250000,0,PA,CST, , ,C,71, ,0,0, , ,4.7,100,0, ,0, , ,11/04/1950,1700,40.20,-76.12,40.27,-76.07,"","",213
10104932,BERKS CO., ,11/04/1950,1730,Tornado,0,F3,0,0,250000,0,PA,CST, , ,C,11, ,0,0, , ,11.2,100,0, ,0, , ,11/04/1950,1730,40.27,-76.07,40.40,-75.93,"","",214
10035921,MUHLENBERG CO., ,11/20/1950,220,Tornado,0,F2,0,0,250000,0,KY,CST, , ,C,177, ,0,0, , ,0,33,0, ,0, , ,11/20/1950,220,37.37,-87.20, , ,"","",215
10035922,SCOTT CO., ,11/20/1950,400,Tornado,0,F1,0,0,250000,0,KY,CST, , ,C,209, ,0,0, , ,0,33,0, ,0, , ,11/20/1950,400,38.20,-84.50, , ,"","",216
10047275,NEWTON CO., ,11/20/1950,730,Tornado,0,F1,0,3,25000,0,MS,CST, , ,C,101, ,0,0, , ,2,37,0, ,0, , ,11/20/1950,730,32.42,-89.13, , ,"","",217
10009716,MADISON CO., ,12/02/1950,1500,Tornado,0,F2,0,0,25000,0,IL,CST, , ,C,119, ,0,0, , ,7.3,50,0, ,0, , ,12/02/1950,1500,38.97,-90.05,39.00,-89.92,"","",218
10009717,MACOUPIN CO., ,12/02/1950,1515,Tornado,0,F2,1,3,25000,0,IL,CST, , ,C,117, ,0,0, , ,11.5,50,0, ,0, , ,12/02/1950,1515,39.00,-89.92,39.07,-89.72,"","",219
10009718,MADISON CO., ,12/02/1950,1600,Tornado,0,F3,0,0,2500000,0,IL,CST, , ,C,119, ,0,0, , ,4.7,200,0, ,0, , ,12/02/1950,1600,38.75,-89.67,38.80,-89.60,"","",220
10009719,BOND CO., ,12/02/1950,1600,Tornado,0,F3,2,25,2500000,0,IL,CST, , ,C,5, ,0,0, , ,13.3,200,0, ,0, , ,12/02/1950,1600,38.80,-89.60,38.90,-89.38,"","",221
9983005,IZARD CO., ,12/02/1950,1625,Tornado,0,F3,0,0,30,0,AR,CST, , ,C,65, ,0,0, , ,7.8,33,0, ,0, , ,12/02/1950,1625,36.12,-91.83,36.18,-91.72,"","",222
10009720,RANDOLPH CO., ,12/02/1950,1730,Tornado,0,F1,0,0,25000,0,IL,CST, , ,C,157, ,0,0, , ,9.6,50,0, ,0, , ,12/02/1950,1730,38.17,-89.78,38.22,-89.62,"","",223
10032651,RAPIDES PAR., ,01/06/1951,1730,Tornado,0,F3,0,11,250000,0,LA,CST, , ,C,79, ,0,0, , ,9.5,317,0, ,0, , ,01/06/1951,1730,31.30,-92.47,31.43,-92.43,"","",224
10032652,GRANT PAR., ,01/06/1951,1740,Tornado,0,F3,0,0,250000,0,LA,CST, , ,C,43, ,0,0, , ,7.3,317,0, ,0, , ,01/06/1951,1740,31.43,-92.43,31.53,-92.40,"","",225
9990145,SANTA CLARA CO., ,01/11/1951,1025,Tornado,0,F2,0,0,2500000,0,CA,CST, , ,C,85, ,0,0, , ,5.7,33,0, ,0, , ,01/11/1951,1025,37.37,-122.12,37.42,-122.03,"","",226
10153059,APPOMATTOX CO., ,02/01/1951,1300,Tornado,0,F1,0,0,2500,0,VA,CST, , ,C,11, ,0,0, , ,.1,50,0, ,0, , ,02/01/1951,1300,37.37,-78.78, , ,"","",227
10032653,ST. LANDRY PAR., ,02/06/1951,1550,Tornado,0,F1,0,0,25000,0,LA,CST, , ,C,97, ,0,0, , ,.5,33,0, ,0, , ,02/06/1951,1550,30.50,-92.00, , ,"","",228
10032654,TANGIPAHOA PAR., ,02/06/1951,1700,Tornado,0,F1,0,0,25000,0,LA,CST, , ,C,105, ,0,0, , ,4.9,33,0, ,0, , ,02/06/1951,1700,30.48,-90.42,30.53,-90.37,"","",229
10099493,CADDO CO., ,02/19/1951,1830,Tornado,0,F2,0,5,25000,0,OK,CST, , ,C,15, ,0,0, , ,7.6,20,0, ,0, , ,02/19/1951,1830,35.27,-98.18,35.37,-98.13,"","",230
10099704,CANADIAN CO., ,02/19/1951,1835,Tornado,0,F2,0,0,25000,0,OK,CST, , ,C,17, ,0,0, , ,36.3,20,0, ,0, , ,02/19/1951,1835,35.37,-98.13,35.83,-97.83,"","",231
10099705,CLEVELAND CO., ,02/19/1951,2200,Tornado,0,F0,0,0,250,0,OK,CST, , ,C,27, ,0,0, , ,0,100,0, ,0, , ,02/19/1951,2200,35.15,-97.45, , ,"","",232
9983006,LONOKE CO., ,02/20/1951,915,Tornado,0,F2,0,3,25000,0,AR,CST, , ,C,85, ,0,0, , ,20.2,333,0, ,0, , ,02/20/1951,915,34.60,-92.02,34.73,-91.70,"","",233
9983007,PRAIRIE CO., ,02/20/1951,915,Tornado,0,F2,0,0,25000,0,AR,CST, , ,C,117, ,0,0, , ,92.6,333,0, ,0, , ,02/20/1951,915,34.73,-91.70,35.55,-90.40,"","",234
10047276,LOWNDES CO., ,02/20/1951,1500,Tornado,0,F1,0,0,2500,0,MS,CST, , ,C,87, ,0,0, , ,0,33,0, ,0, , ,02/20/1951,1500,33.47,-88.48, , ,"","",235
10047277,OKTIBBEHA CO., ,02/20/1951,1500,Tornado,0,F3,1,1,2500,0,MS,CST, , ,C,105, ,0,0, , ,0,33,0, ,0, , ,02/20/1951,1500,33.45,-88.87, , ,"","",236
9979424,FAYETTE CO., ,02/20/1951,1600,Tornado,0,F2,0,2,25000,0,AL,CST, , ,C,57, ,0,0, , ,.1,123,0, ,0, , ,02/20/1951,1600,33.67,-87.70, , ,"","",237
10035923,SHELBY CO., ,02/20/1951,1800,Tornado,0,F2,0,0,25000,0,KY,CST, , ,C,211, ,0,0, , ,0,73,0, ,0, , ,02/20/1951,1800,38.27,-85.05, , ,"","",238
10028680,OSBORNE CO., ,03/02/1951,1600,Tornado,0, ,0,0,25000,0,KS,CST, , ,C,141, ,0,0, , ,38.1,33,0, ,0, , ,03/02/1951,1600,39.43,-98.55,39.60,-97.87,"","",239
10028681,BROWN CO., ,03/02/1951,2030,Tornado,0, ,0,0,250,0,KS,CST, , ,C,13, ,0,0, , ,0,33,0, ,0, , ,03/02/1951,2030,39.83,-95.72, , ,"","",240
9985760,SARASOTA CO., ,03/12/1951,1700,Tornado,0,F2,0,0,25000,0,FL,CST, , ,C,115, ,0,0, , ,2,77,0, ,0, , ,03/12/1951,1700,27.10,-82.48, , ,"","",241
10120421,HOUSTON CO., ,03/28/1951,510,Tornado,0,F1,0,0,2500,0,TX,CST, , ,C,225, ,0,0, , ,.5,17,0, ,0, , ,03/28/1951,510,31.37,-95.60, , ,"","",242
10004031,HANCOCK CO., ,03/29/1951,1830,Tornado,0,F2,0,2,250000,0,IN,CST, , ,C,59, ,0,0, , ,3,400,0, ,0, , ,03/29/1951,1830,39.78,-85.77,39.82,-85.72,"","",243
10104933,ADAMS CO., ,03/30/1951,1500,Tornado,0,F1,0,0,2500,0,PA,CST, , ,C,1, ,0,0, , ,.1,20,0, ,0, , ,03/30/1951,1500,39.83,-77.23, , ,"","",244
10099706,CLEVELAND CO., ,04/05/1951,1320,Tornado,0,F2,0,0,25000,0,OK,CST, , ,C,27, ,0,0, , ,5.7,127,0, ,0, , ,04/05/1951,1320,35.32,-97.55,35.37,-97.47,"","",245
10099707,GRADY CO., ,04/05/1951,1322,Tornado,0,F2,0,2,250000,0,OK,CST, , ,C,51, ,0,0, , ,.2,100,0, ,0, , ,04/05/1951,1322,35.23,-97.72, , ,"","",246
10099708,WOODS CO., ,04/05/1951,1645,Tornado,0,F2,0,2,2500,0,OK,CST, , ,C,151, ,0,0, , ,3.6,33,0, ,0, , ,04/05/1951,1645,36.53,-98.92,36.57,-98.87,"","",247
10120422,WICHITA CO., ,04/20/1951,1510,Tornado,0,F2,0,0,25000,0,TX,CST, , ,C,485, ,0,0, , ,1.5,17,0, ,0, , ,04/20/1951,1510,33.92,-98.45, , ,"","",248
10028682,MORTON CO., ,04/20/1951,1530,Tornado,0,F0,0,0,0,0,KS,CST, , ,C,129, ,0,0, , ,0,33,0, ,0, , ,04/20/1951,1530,37.12,-101.77, , ,"","",249
10047278,SMITH CO., ,04/21/1951,1200,Tornado,0,F1,0,0,25000,0,MS,CST, , ,C,129, ,0,0, , ,0,33,0, ,0, , ,04/21/1951,1200,32.07,-89.52, , ,"","",250
10032655,LA SALLE PAR., ,04/21/1951,1400,Tornado,0,F0,0,2,25000,0,LA,CST, , ,C,59, ,0,0, , ,1,33,0, ,0, , ,04/21/1951,1400,31.72,-92.25, , ,"","",251
10032656,OUACHITA PAR., ,04/21/1951,1400,Tornado,0,F0,0,1,25000,0,LA,CST, , ,C,73, ,0,0, , ,1,33,0, ,0, , ,04/21/1951,1400,32.33,-92.32, , ,"","",252
10047279,JONES CO., ,04/21/1951,1925,Tornado,0,F3,2,10,25000,0,MS,CST, , ,C,67, ,0,0, , ,8.8,33,0, ,0, , ,04/21/1951,1925,31.68,-89.25,31.80,-89.20,"","",253
10047280,JASPER CO., ,04/21/1951,1940,Tornado,0,F3,0,6,25000,0,MS,CST, , ,C,61, ,0,0, , ,24.7,33,0, ,0, , ,04/21/1951,1940,31.80,-89.20,32.15,-89.12,"","",254
10099709,CUSTER CO., ,04/24/1951,1730,Tornado,0,F0,0,0,0,0,OK,CST, , ,C,39, ,0,0, , ,0,33,0, ,0, , ,04/24/1951,1730,35.78,-99.00, , ,"","",255
10099710,JACKSON CO., ,04/24/1951,1803,Tornado,0,F1,0,0,2500,0,OK,CST, , ,C,65, ,0,0, , ,2.5,33,0, ,0, , ,04/24/1951,1803,34.63,-99.60, , ,"","",256
10099711,KAY CO., ,04/24/1951,2100,Tornado,0,F1,0,0,2500,0,OK,CST, , ,C,71, ,0,0, , ,0,33,0, ,0, , ,04/24/1951,2100,36.75,-97.40, , ,"","",257
10028683,GRANT CO., ,04/26/1951,1810,Tornado,0,F0,0,0,2500,0,KS,CST, , ,C,67, ,0,0, , ,29.2,33,0, ,0, , ,04/26/1951,1810,37.47,-101.52,37.73,-101.10,"","",258
10028684,MORTON CO., ,04/26/1951,1815,Tornado,0,F1,0,0,2500,0,KS,CST, , ,C,129, ,0,0, , ,0,33,0, ,0, , ,04/26/1951,1815,37.17,-101.62, , ,"","",259
10099712,BEAVER CO., ,04/26/1951,1915,Tornado,0,F1,0,0,250,0,OK,CST, , ,C,7, ,0,0, , ,0,33,0, ,0, , ,04/26/1951,1915,36.82,-100.53, , ,"","",260
10028685,SEWARD CO., ,04/26/1951,1915,Tornado,0,F0,0,0,0,0,KS,CST, , ,C,175, ,0,0, , ,1,33,0, ,0, , ,04/26/1951,1915,37.07,-100.93, , ,"","",261
10028686,MORTON CO., ,04/26/1951,1930,Tornado,0,F1,0,0,2500,0,KS,CST, , ,C,129, ,0,0, , ,0,33,0, ,0, , ,04/26/1951,1930,37.08,-101.77, , ,"","",262
10099713,MAJOR CO., ,04/27/1951,1420,Tornado,0,F1,0,2,2500,0,OK,CST, , ,C,93, ,0,0, , ,.8,200,0, ,0, , ,04/27/1951,1420,36.33,-98.20, , ,"","",263
10086811,HANCOCK CO., ,04/28/1951,2055,Tornado,0,F2,0,5,2500000,0,OH,CST, , ,C,63, ,0,0, , ,15.2,33,0, ,0, , ,04/28/1951,2055,41.00,-83.67,41.10,-83.40,"","",264
10082587,MORRIS CO., ,04/29/1951,1815,Tornado,0,F1,0,2,25000,0,NJ,CST, , ,C,27, ,0,0, , ,.5,400,0, ,0, , ,04/29/1951,1815,40.90,-74.60, , ,"","",265
10028687,PRATT CO., ,04/30/1951,530,Tornado,0,F3,0,0,250000,0,KS,CST, , ,C,151, ,0,0, , ,12.8,440,0, ,0, , ,04/30/1951,530,37.63,-98.75,37.77,-98.58,"","",266
10073788,MERRICK CO., ,04/30/1951,900,Tornado,0,F1,0,0,2500,0,NE,CST, , ,C,121, ,0,0, , ,.3,50,0, ,0, , ,04/30/1951,900,41.08,-98.00, , ,"","",267
10099714,STEPHENS CO., ,04/30/1951,2030,Tornado,0,F1,0,0,2500,0,OK,CST, , ,C,137, ,0,0, , ,0,33,0, ,0, , ,04/30/1951,2030,34.62,-98.08, , ,"","",268
10099715,OKLAHOMA CO., ,04/30/1951,2130,Tornado,0,F2,0,0,25000,0,OK,CST, , ,C,109, ,0,0, , ,1.5,200,0, ,0, , ,04/30/1951,2130,35.50,-97.58, , ,"","",269
10099716,OKLAHOMA CO., ,04/30/1951,2130,Tornado,0,F3,0,0,250000,0,OK,CST, , ,C,109, ,0,0, , ,7.4,200,0, ,0, , ,04/30/1951,2130,35.43,-97.58,35.50,-97.48,"","",270
10028688,CHAUTAUQUA CO., ,04/30/1951,2345,Tornado,0, ,0,0,2500,0,KS,CST, , ,C,19, ,0,0, , ,0,33,0, ,0, , ,04/30/1951,2345,37.10,-96.50, , ,"","",271
10028689,SHAWNEE CO., ,05/02/1951,1930,Tornado,0,F1,0,0,250,0,KS,CST, , ,C,177, ,0,0, , ,0,10,0, ,0, , ,05/02/1951,1930,39.03,-95.80, , ,"","",272
10028690,ATCHISON CO., ,05/02/1951,2030,Tornado,0,F1,0,0,250,0,KS,CST, , ,C,5, ,0,0, , ,0,33,0, ,0, , ,05/02/1951,2030,39.40,-95.40, , ,"","",273
10039190,LIVINGSTON CO., ,05/03/1951,1335,Tornado,0,F2,0,0,250000,0,MI,CST, , ,C,93, ,0,0, , ,2.3,150,0, ,0, , ,05/03/1951,1335,42.70,-84.05,42.73,-84.00,"","",274
10028691,WICHITA CO., ,05/08/1951,1800,Tornado,0,F1,0,0,250,0,KS,CST, , ,C,203, ,0,0, , ,0,33,0, ,0, , ,05/08/1951,1800,38.38,-101.55, , ,"","",275
10028692,JEFFERSON CO., ,05/09/1951,700,Tornado,0,F1,0,0,250,0,KS,CST, , ,C,87, ,0,0, , ,2.3,33,0, ,0, , ,05/09/1951,700,39.30,-95.50,39.33,-95.47,"","",276
10120423,WICHITA CO., ,05/09/1951,1700,Tornado,0,F2,0,0,25000,0,TX,CST, , ,C,485, ,0,0, , ,4.9,33,0, ,0, , ,05/09/1951,1700,33.93,-98.68,33.93,-98.77,"","",277
10099717,COTTON CO., ,05/09/1951,1830,Tornado,0,F1,0,0,2500,0,OK,CST, , ,C,33, ,0,0, , ,0,33,0, ,0, , ,05/09/1951,1830,34.45,-98.32, , ,"","",278
10099718,BRYAN CO., ,05/09/1951,2020,Tornado,0,F2,0,0,25000,0,OK,CST, , ,C,13, ,0,0, , ,9.4,100,0, ,0, , ,05/09/1951,2020,34.00,-96.60,34.12,-96.52,"","",279
10099719,JOHNSTON CO., ,05/09/1951,2020,Tornado,0,F2,0,1,25000,0,OK,CST, , ,C,69, ,0,0, , ,5.4,100,0, ,0, , ,05/09/1951,2020,34.12,-96.52,34.18,-96.47,"","",280
10028693,OSAGE CO., ,05/09/1951,2100,Tornado,0,F0,0,0,0,0,KS,CST, , ,C,139, ,0,0, , ,0,33,0, ,0, , ,05/09/1951,2100,38.78,-95.55, , ,"","",281
10104934,SOMERSET CO., ,05/11/1951,1330,Tornado,0,F2,0,1,25000,0,PA,CST, , ,C,111, ,0,0, , ,8,33,0, ,0, , ,05/11/1951,1330,40.12,-79.12,40.05,-78.98,"","",282
10153060,KING AND QUEEN CO., ,05/11/1951,1500,Tornado,0,F1,0,0,25000,0,VA,CST, , ,C,97, ,0,0, , ,0,33,0, ,0, , ,05/11/1951,1500,37.55,-76.73, , ,"","",283
10073789,CUSTER CO., ,05/13/1951,1900,Tornado,0,F0,0,0,2500,0,NE,CST, , ,C,41, ,0,0, , ,0,33,0, ,0, , ,05/13/1951,1900,41.58,-99.93, , ,"","",284
10028694,ELLIS CO., ,05/13/1951,2200,Tornado,0,F1,0,0,2500,0,KS,CST, , ,C,51, ,0,0, , ,0,33,0, ,0, , ,05/13/1951,2200,39.08,-99.50, , ,"","",285
10028695,THOMAS CO., ,05/14/1951,1730,Tornado,0,F2,0,0,0,0,KS,CST, , ,C,193, ,0,0, , ,0,33,0, ,0, , ,05/14/1951,1730,39.37,-101.37, , ,"","",286
10099720,TEXAS CO., ,05/14/1951,1800,Tornado,0,F2,0,0,2500,0,OK,CST, , ,C,139, ,0,0, , ,0,33,0, ,0, , ,05/14/1951,1800,36.90,-101.90, , ,"","",287
10099721,TEXAS CO., ,05/14/1951,1800,Tornado,0,F2,0,0,0,0,OK,CST, , ,C,139, ,0,0, , ,0,33,0, ,0, , ,05/14/1951,1800,36.87,-101.90, , ,"","",288
10028696,MORTON CO., ,05/14/1951,1830,Tornado,0,F2,0,0,0,0,KS,CST, , ,C,129, ,0,0, , ,0,33,0, ,0, , ,05/14/1951,1830,37.00,-101.90, , ,"","",289
10028697,RAWLINS CO., ,05/14/1951,1930,Tornado,0,F3,0,4,2500,0,KS,CST, , ,C,153, ,0,0, , ,0,33,0, ,0, , ,05/14/1951,1930,39.78,-101.33, , ,"","",290
10120424,CASTRO CO., ,05/15/1951,1830,Tornado,0,F1,0,0,250,0,TX,CST, , ,C,69, ,0,0, , ,0,33,0, ,0, , ,05/15/1951,1830,34.50,-102.30, , ,"","",291
10099722,BECKHAM CO., ,05/16/1951,1000,Tornado,0,F0,0,0,0,0,OK,CST, , ,C,9, ,0,0, , ,0,33,0, ,0, , ,05/16/1951,1000,35.20,-99.87, , ,"","",292
9991328,ELBERT CO., ,05/17/1951,1835,Tornado,0, ,0,0,30,0,CO,CST, , ,C,39, ,0,0, , ,0,33,0, ,0, , ,05/17/1951,1835,39.33,-104.62, , ,"","",293
10120425,YOUNG CO., ,05/18/1951,1545,Tornado,0,F4,2,100,2500000,0,TX,CST, , ,C,503, ,0,0, , ,2,200,0, ,0, , ,05/18/1951,1545,33.42,-98.75, , ,"","",294
10099725,COMANCHE CO., ,05/18/1951,1730,Tornado,0,F1,0,0,2500,0,OK,CST, , ,C,31, ,0,0, , ,0,33,0, ,0, , ,05/18/1951,1730,34.78,-98.23, , ,"","",295
10099723,COMANCHE CO., ,05/18/1951,1730,Tornado,0,F1,0,0,2500,0,OK,CST, , ,C,31, ,0,0, , ,0,33,0, ,0, , ,05/18/1951,1730,34.78,-98.28, , ,"","",296
10099724,COMANCHE CO., ,05/18/1951,1730,Tornado,0,F1,0,0,2500,0,OK,CST, , ,C,31, ,0,0, , ,0,33,0, ,0, , ,05/18/1951,1730,34.78,-98.27, , ,"","",297
10099726,BECKHAM CO., ,05/19/1951,1915,Tornado,0,F1,0,0,2500,0,OK,CST, , ,C,9, ,0,0, , ,0,33,0, ,0, , ,05/19/1951,1915,35.33,-99.87, , ,"","",298
10099727,DEWEY CO., ,05/19/1951,1930,Tornado,0,F2,0,0,2500,0,OK,CST, , ,C,43, ,0,0, , ,2,67,0, ,0, , ,05/19/1951,1930,36.00,-98.95, , ,"","",299
10099728,BECKHAM CO., ,05/19/1951,2012,Tornado,0,F0,0,0,0,0,OK,CST, , ,C,9, ,0,0, , ,0,220,0, ,0, , ,05/19/1951,2012,35.43,-99.63, , ,"","",300
9991329,SEDGWICK CO., ,05/20/1951,1400,Tornado,0,F0,0,0,30,0,CO,CST, , ,C,115, ,0,0, , ,0,33,0, ,0, , ,05/20/1951,1400,40.98,-102.27, , ,"","",301
9991330,SEDGWICK CO., ,05/20/1951,1500,Tornado,0,F0,0,0,250,0,CO,CST, , ,C,115, ,0,0, , ,6.1,33,0, ,0, , ,05/20/1951,1500,40.98,-102.27,41.02,-102.15,"","",302
9991331,SEDGWICK CO., ,05/20/1951,1500,Tornado,0,F1,0,0,250,0,CO,CST, , ,C,115, ,0,0, , ,10.3,33,0, ,0, , ,05/20/1951,1500,40.98,-102.27,41.05,-102.08,"","",303
10028698,KEARNY CO., ,05/20/1951,1900,Tornado,0,F2,0,0,25000,0,KS,CST, , ,C,93, ,0,0, , ,1,33,0, ,0, , ,05/20/1951,1900,37.97,-101.25, , ,"","",304
10028699,KEARNY CO., ,05/20/1951,1900,Tornado,0,F3,0,0,250000,0,KS,CST, , ,C,93, ,0,0, , ,12.8,900,0, ,0, , ,05/20/1951,1900,37.90,-101.20,38.02,-101.02,"","",305
10028700,RAWLINS CO., ,05/20/1951,1900,Tornado,0,F3,0,0,250,0,KS,CST, , ,C,153, ,0,0, , ,0,33,0, ,0, , ,05/20/1951,1900,39.78,-101.38, , ,"","",306
10028701,GEARY CO., ,05/21/1951,100,Tornado,0,F2,0,0,250,0,KS,CST, , ,C,61, ,0,0, , ,0,33,0, ,0, , ,05/21/1951,100,39.03,-96.97, , ,"","",307
10028702,STANTON CO., ,05/21/1951,1900,Tornado,0,F1,0,0,2500,0,KS,CST, , ,C,187, ,0,0, , ,0,33,0, ,0, , ,05/21/1951,1900,37.53,-101.75, , ,"","",308
10001434,LIBERTY CO., ,05/23/1951,423,Tornado,0,F1,0,0,25000,0,GA,CST, , ,C,179, ,0,0, , ,.3,300,0, ,0, , ,05/23/1951,423,31.83,-81.50, , ,"","",309
10001435,COLQUITT CO., ,05/23/1951,1530,Tornado,0,F2,0,0,25000,0,GA,CST, , ,C,71, ,0,0, , ,9.2,50,0, ,0, , ,05/23/1951,1530,31.30,-83.83,31.27,-83.68,"","",310
10120426,HASKELL CO., ,05/24/1951,1700,Tornado,0,F1,1,0,2500,0,TX,CST, , ,C,207, ,0,0, , ,.5,20,0, ,0, , ,05/24/1951,1700,33.37,-99.90, , ,"","",311
10028703,CLOUD CO., ,05/25/1951,1430,Tornado,0,F1,0,0,2500,0,KS,CST, , ,C,29, ,0,0, , ,0,33,0, ,0, , ,05/25/1951,1430,39.45,-97.50, , ,"","",312
10028704,CLAY CO., ,05/25/1951,1600,Tornado,0,F3,1,0,250000,0,KS,CST, , ,C,27, ,0,0, , ,4.1,440,0, ,0, , ,05/25/1951,1600,39.27,-97.18,39.32,-97.13,"","",313
10028705,REPUBLIC CO., ,05/25/1951,1800,Tornado,0,F2,0,0,2500,0,KS,CST, , ,C,157, ,0,0, , ,0,33,0, ,0, , ,05/25/1951,1800,39.93,-97.43, , ,"","",314
10063621,NODAWAY CO., ,05/25/1951,2100,Tornado,0,F1,0,0,2500,0,MO,CST, , ,C,147, ,0,0, , ,.2,10,0, ,0, , ,05/25/1951,2100,40.40,-95.17, , ,"","",315
9985761,FRANKLIN CO., ,05/26/1951,930,Tornado,0,F1,3,0,250000,0,FL,CST, , ,C,37, ,0,0, , ,0,33,0, ,0, , ,05/26/1951,930,29.85,-84.68, , ,"","",316
9985762,COLUMBIA CO., ,05/26/1951,1230,Tornado,0, ,0,0,25000,0,FL,CST, , ,C,23, ,0,0, , ,0,33,0, ,0, , ,05/26/1951,1230,30.18,-82.63, , ,"","",317
10073790,SCOTTS BLUFF CO., ,05/30/1951,1434,Tornado,0,F2,0,7,0,0,NE,CST, , ,C,157, ,0,0, , ,19.7,33,0, ,0, , ,05/30/1951,1434,41.90,-103.50,41.73,-103.18,"","",318
10073791,CHASE CO., ,05/30/1951,1820,Tornado,0,F1,0,0,0,0,NE,CST, , ,C,29, ,0,0, , ,2,33,0, ,0, , ,05/30/1951,1820,40.47,-101.55, , ,"","",319
10028706,ELLIS CO., ,05/30/1951,2000,Tornado,0,F1,0,0,25000,0,KS,CST, , ,C,51, ,0,0, , ,3,33,0, ,0, , ,05/30/1951,2000,38.83,-99.27,38.87,-99.32,"","",320
10028707,CLAY CO., ,05/30/1951,2250,Tornado,0, ,0,0,2500,0,KS,CST, , ,C,27, ,0,0, , ,0,33,0, ,0, , ,05/30/1951,2250,39.40,-97.18, , ,"","",321
10028708,RILEY CO., ,05/30/1951,2250,Tornado,0, ,0,0,2500,0,KS,CST, , ,C,161, ,0,0, , ,0,33,0, ,0, , ,05/30/1951,2250,39.25,-96.58, , ,"","",322
10028709,POTTAWATOMIE CO., ,05/30/1951,2250,Tornado,0, ,0,0,2500,0,KS,CST, , ,C,149, ,0,0, , ,0,33,0, ,0, , ,05/30/1951,2250,39.40,-96.03, , ,"","",323
10028710,JACKSON CO., ,05/30/1951,2250,Tornado,0, ,0,0,2500,0,KS,CST, , ,C,85, ,0,0, , ,0,33,0, ,0, , ,05/30/1951,2250,39.47,-95.73, , ,"","",324
10028711,CLAY CO., ,05/30/1951,2250,Tornado,0,F0,0,0,2500,0,KS,CST, , ,C,27, ,0,0, , ,0,33,0, ,0, , ,05/30/1951,2250,39.28,-97.02, , ,"","",325
10028712,CLAY CO., ,05/30/1951,2250,Tornado,0,F1,0,0,2500,0,KS,CST, , ,C,27, ,0,0, , ,8.3,33,0, ,0, , ,05/30/1951,2250,39.13,-97.05,39.22,-96.93,"","",326
10028713,POTTAWATOMIE CO., ,05/30/1951,2250,Tornado,0,F1,0,0,2500,0,KS,CST, , ,C,149, ,0,0, , ,7.7,33,0, ,0, , ,05/30/1951,2250,39.35,-96.45,39.40,-96.32,"","",327
10123403,HUTCHINSON CO., ,05/31/1951,1600,Tornado,0,F1,0,0,25000,0,TX,CST, , ,C,233, ,0,0, , ,.5,17,0, ,0, , ,05/31/1951,1600,35.77,-101.38, , ,"","",328
10028714,JEFFERSON CO., ,05/31/1951,2345,Tornado,0,F2,0,0,2500,0,KS,CST, , ,C,87, ,0,0, , ,3,440,0, ,0, , ,05/31/1951,2345,39.37,-95.40,39.40,-95.35,"","",329
10039191,EATON CO., ,06/01/1951,1800,Tornado,0,F1,0,1,2500,0,MI,CST, , ,C,45, ,0,0, , ,.5,10,0, ,0, , ,06/01/1951,1800,42.75,-84.75, , ,"","",330
10028715,REPUBLIC CO., ,06/01/1951,2000,Tornado,0,F1,0,0,2500,0,KS,CST, , ,C,157, ,0,0, , ,11,33,0, ,0, , ,06/01/1951,2000,39.73,-97.98,39.78,-97.78,"","",331
10017013,MARSHALL CO., ,06/01/1951,2115,Tornado,0,F3,0,7,0,0,IA,CST, , ,C,127, ,0,0, , ,1.5,880,0, ,0, , ,06/01/1951,2115,42.07,-92.92, , ,"","",332
10080565,CHAVES CO., ,06/05/1951,1530,Tornado,0,F0,0,0,250000,0,NM,CST, , ,C,5, ,0,0, , ,2,33,0, ,0, , ,06/05/1951,1530,33.10,-104.80, , ,"","",333
10099729,TEXAS CO., ,06/05/1951,1800,Tornado,0,F2,0,0,2500,0,OK,CST, , ,C,139, ,0,0, , ,0,33,0, ,0, , ,06/05/1951,1800,36.53,-101.80, , ,"","",334
9991332,LINCOLN CO., ,06/06/1951,1330,Tornado,0,F2,0,1,25000,0,CO,CST, , ,C,73, ,0,0, , ,4.7,217,0, ,0, , ,06/06/1951,1330,38.73,-103.58,38.77,-103.50,"","",335
10028716,GRANT CO., ,06/06/1951,1630,Tornado,0,F2,0,3,2500,0,KS,CST, , ,C,67, ,0,0, , ,0,33,0, ,0, , ,06/06/1951,1630,37.58,-101.33, , ,"","",336
10028717,TREGO CO., ,06/06/1951,1800,Tornado,0,F1,0,0,25000,0,KS,CST, , ,C,195, ,0,0, , ,3,400,0, ,0, , ,06/06/1951,1800,38.88,-99.92,38.93,-99.88,"","",337
10123404,POTTER CO., ,06/06/1951,1820,Tornado,0, ,0,0,25000,0,TX,CST, , ,C,375, ,0,0, , ,0,33,0, ,0, , ,06/06/1951,1820,35.23,-101.82, , ,"","",338
10123405,CARSON CO., ,06/06/1951,1850,Tornado,0, ,0,0,30,0,TX,CST, , ,C,65, ,0,0, , ,0,33,0, ,0, , ,06/06/1951,1850,35.62,-101.47, , ,"","",339
10028718,PRATT CO., ,06/06/1951,1930,Tornado,0, ,0,0,25000,0,KS,CST, , ,C,151, ,0,0, , ,0,33,0, ,0, , ,06/06/1951,1930,37.78,-98.87, , ,"","",340
10028719,PRATT CO., ,06/06/1951,1930,Tornado,0, ,0,0,0,0,KS,CST, , ,C,151, ,0,0, , ,9,33,0, ,0, , ,06/06/1951,1930,37.63,-98.90,37.65,-98.73,"","",341
10028720,PRATT CO., ,06/06/1951,1930,Tornado,0, ,0,0,0,0,KS,CST, , ,C,151, ,0,0, , ,0,33,0, ,0, , ,06/06/1951,1930,37.52,-98.82, , ,"","",342
10028721,PRATT CO., ,06/06/1951,1930,Tornado,0, ,0,0,0,0,KS,CST, , ,C,151, ,0,0, , ,0,33,0, ,0, , ,06/06/1951,1930,37.77,-98.57, , ,"","",343
10028722,GRANT CO., ,06/06/1951,1930,Tornado,0,F3,0,3,25000,0,KS,CST, , ,C,67, ,0,0, , ,44.8,33,0, ,0, , ,06/06/1951,1930,37.58,-101.37,37.03,-100.93,"","",344
10028723,OSBORNE CO., ,06/06/1951,2000,Tornado,0,F1,0,0,0,0,KS,CST, , ,C,141, ,0,0, , ,0,33,0, ,0, , ,06/06/1951,2000,39.18,-99.03, , ,"","",345
10123406,CARSON CO., ,06/06/1951,2006,Tornado,0,F3,0,12,250000,0,TX,CST, , ,C,65, ,0,0, , ,10.4,100,0, ,0, , ,06/06/1951,2006,35.43,-101.18,35.32,-101.07,"","",346
10123407,GRAY CO., ,06/06/1951,2040,Tornado,0,F0,0,0,2500,0,TX,CST, , ,C,179, ,0,0, , ,0,33,0, ,0, , ,06/06/1951,2040,35.55,-100.97, , ,"","",347
10123408,CHILDRESS CO., ,06/06/1951,2050,Tornado,0,F2,0,0,250000,0,TX,CST, , ,C,75, ,0,0, , ,3.6,1760,0, ,0, , ,06/06/1951,2050,34.43,-100.20,34.43,-100.13,"","",348
10099730,GREER CO., ,06/06/1951,2130,Tornado,0,F0,0,0,250,0,OK,CST, , ,C,55, ,0,0, , ,.2,33,0, ,0, , ,06/06/1951,2130,34.83,-99.47, , ,"","",349
10028724,BUTLER CO., ,06/06/1951,2200,Tornado,0,F1,0,0,2500,0,KS,CST, , ,C,15, ,0,0, , ,0,33,0, ,0, , ,06/06/1951,2200,37.68,-97.12, , ,"","",350
10099731,GRADY CO., ,06/06/1951,2350,Tornado,0,F2,0,0,2500,0,OK,CST, , ,C,51, ,0,0, , ,3.8,450,0, ,0, , ,06/06/1951,2350,34.70,-97.70,34.73,-97.65,"","",351
10099732,TILLMAN CO., ,06/07/1951,1700,Tornado,0,F2,0,0,25000,0,OK,CST, , ,C,141, ,0,0, , ,.5,100,0, ,0, , ,06/07/1951,1700,34.50,-99.00, , ,"","",352
10099733,ROGERS CO., ,06/07/1951,1815,Tornado,0,F1,0,1,25000,0,OK,CST, , ,C,131, ,0,0, , ,5.7,33,0, ,0, , ,06/07/1951,1815,36.45,-95.75,36.48,-95.65,"","",353
10099734,MUSKOGEE CO., ,06/07/1951,2255,Tornado,0,F2,0,1,30,0,OK,CST, , ,C,101, ,0,0, , ,0,33,0, ,0, , ,06/07/1951,2255,35.57,-95.27, , ,"","",354
9979425,MADISON CO., ,06/08/1951,900,Tornado,0,F2,0,2,2500,0,AL,CST, , ,C,89, ,0,0, , ,0,100,0, ,0, , ,06/08/1951,900,34.97,-86.43, , ,"","",355
10028725,COFFEY CO., ,06/08/1951,1330,Tornado,0,F1,0,0,250,0,KS,CST, , ,C,31, ,0,0, , ,.8,600,0, ,0, , ,06/08/1951,1330,38.42,-95.62, , ,"","",356
10028726,DOUGLAS CO., ,06/08/1951,1700,Tornado,0,F2,0,0,2500,0,KS,CST, , ,C,45, ,0,0, , ,0,33,0, ,0, , ,06/08/1951,1700,38.88,-95.35, , ,"","",357
10063622,PHELPS CO., ,06/08/1951,1745,Tornado,0,F1,0,0,2500,0,MO,CST, , ,C,161, ,0,0, , ,0,33,0, ,0, , ,06/08/1951,1745,37.93,-91.88, , ,"","",358
10099735,WASHITA CO., ,06/08/1951,1830,Tornado,0,F3,0,0,250000,0,OK,CST, , ,C,149, ,0,0, , ,10.9,173,0, ,0, , ,06/08/1951,1830,35.38,-98.80,35.33,-98.62,"","",359
10099736,KAY CO., ,06/08/1951,1914,Tornado,0,F1,0,0,25000,0,OK,CST, , ,C,71, ,0,0, , ,.3,200,0, ,0, , ,06/08/1951,1914,36.67,-97.33, , ,"","",360
10099737,TILLMAN CO., ,06/08/1951,1915,Tornado,0,F1,0,0,2500,0,OK,CST, , ,C,141, ,0,0, , ,0,33,0, ,0, , ,06/08/1951,1915,34.37,-98.72, , ,"","",361
10047281,SHARKEY CO., ,06/09/1951,530,Tornado,0, ,0,0,2500,0,MS,CST, , ,C,125, ,0,0, , ,2,10,0, ,0, , ,06/09/1951,530,32.90,-90.72, , ,"","",362
10077699,FRANKLIN CO., ,06/09/1951,1700,Tornado,0,F1,0,0,25000,0,NC,CST, , ,C,69, ,0,0, , ,3.8,30,0, ,0, , ,06/09/1951,1700,36.00,-78.33,36.03,-78.28,"","",363
10153061,RICHMOND (C) CO., ,06/13/1951,1505,Tornado,0,F2,0,12,250000,0,VA,CST, , ,C,760, ,0,0, , ,4.1,350,0, ,0, , ,06/13/1951,1505,37.55,-77.48,37.60,-77.43,"","",364
10077700,PENDER CO., ,06/13/1951,1530,Tornado,0,F1,0,0,25000,0,NC,CST, , ,C,141, ,0,0, , ,1,20,0, ,0, , ,06/13/1951,1530,34.40,-77.53, , ,"","",365
10089657,BURLEIGH CO., ,06/14/1951,1130,Tornado,0, ,0,0,0,0,ND,CST, , ,C,15, ,0,0, , ,0,33,0, ,0, , ,06/14/1951,1130,46.77,-100.45, , ,"","",366
9991333,EL PASO CO., ,06/14/1951,2100,Tornado,0,F1,0,0,2500,0,CO,CST, , ,C,41, ,0,0, , ,0,33,0, ,0, , ,06/14/1951,2100,39.00,-104.25, , ,"","",367
10028727,SHAWNEE CO., ,06/15/1951,1915,Tornado,0,F0,0,0,30,0,KS,CST, , ,C,177, ,0,0, , ,.5,100,0, ,0, , ,06/15/1951,1915,39.07,-95.82, , ,"","",368
10123409,TAYLOR CO., ,06/15/1951,2220,Tornado,0,F1,0,6,250000,0,TX,CST, , ,C,441, ,0,0, , ,4.9,20,0, ,0, , ,06/15/1951,2220,32.45,-100.02,32.45,-99.93,"","",369
10123410,JOHNSON CO., ,06/16/1951,30,Tornado,0,F2,0,0,25000,0,TX,CST, , ,C,251, ,0,0, , ,14.5,20,0, ,0, , ,06/16/1951,30,32.45,-97.42,32.45,-97.17,"","",370
10028728,HAMILTON CO., ,06/17/1951,1500,Tornado,0, ,0,0,2500,0,KS,CST, , ,C,75, ,0,0, , ,0,33,0, ,0, , ,06/17/1951,1500,38.00,-101.78, , ,"","",371
10028729,GOVE CO., ,06/17/1951,2200,Tornado,0,F0,0,0,0,0,KS,CST, , ,C,63, ,0,0, , ,.7,33,0, ,0, , ,06/17/1951,2200,39.07,-100.23, , ,"","",372
10028730,GOVE CO., ,06/17/1951,2230,Tornado,0, ,0,0,0,0,KS,CST, , ,C,63, ,0,0, , ,0,33,0, ,0, , ,06/17/1951,2230,39.07,-100.30, , ,"","",373
10028731,FRANKLIN CO., ,06/17/1951,2300,Tornado,0, ,0,0,2500,0,KS,CST, , ,C,59, ,0,0, , ,0,33,0, ,0, , ,06/17/1951,2300,38.62,-95.08, , ,"","",374
9991334,CROWLEY CO., ,06/18/1951,1800,Tornado,0, ,0,0,250,0,CO,CST, , ,C,25, ,0,0, , ,29.9,33,0, ,0, , ,06/18/1951,1800,38.15,-103.97,38.18,-103.42,"","",375
10017014,LYON CO., ,06/19/1951,1600,Tornado,0,F1,0,0,0,0,IA,CST, , ,C,119, ,0,0, , ,.5,17,0, ,0, , ,06/19/1951,1600,43.38,-96.25, , ,"","",376
10052052,MCLEOD CO., ,06/19/1951,1730,Tornado,0,F4,0,11,2500000,0,MN,CST, , ,C,85, ,0,0, , ,52.6,330,0, ,0, , ,06/19/1951,1730,44.88,-94.37,45.20,-93.38,"","",377
10073792,SIOUX CO., ,06/19/1951,1745,Tornado,0,F1,0,0,2500,0,NE,CST, , ,C,165, ,0,0, , ,4.7,110,0, ,0, , ,06/19/1951,1745,42.95,-103.88,42.98,-103.78,"","",378
10028732,COMANCHE CO., ,06/19/1951,1800,Tornado,0, ,0,0,2500,0,KS,CST, , ,C,33, ,0,0, , ,0,33,0, ,0, , ,06/19/1951,1800,37.10,-99.10, , ,"","",379
10052053,ANOKA CO., ,06/19/1951,1900,Tornado,0,F4,1,9,2500000,0,MN,CST, , ,C,3, ,0,0, , ,0,330,0, ,0, , ,06/19/1951,1900,45.20,-93.38,45.22,-93.35,"","",380
10146807,DODGE CO., ,06/19/1951,2050,Tornado,0,F2,0,0,25000,0,WI,CST, , ,C,27, ,0,0, , ,1,467,0, ,0, , ,06/19/1951,2050,43.62,-88.50, , ,"","",381
10028733,THOMAS CO., ,06/20/1951,2200,Tornado,0,F1,0,0,0,0,KS,CST, , ,C,193, ,0,0, , ,0,33,0, ,0, , ,06/20/1951,2200,39.28,-100.95, , ,"","",382
10028734,WICHITA CO., ,06/20/1951,2200,Tornado,0,F2,0,0,25000,0,KS,CST, , ,C,203, ,0,0, , ,48.6,33,0, ,0, , ,06/20/1951,2200,38.47,-101.37,38.48,-100.47,"","",383
10099738,MAJOR CO., ,06/20/1951,2320,Tornado,0,F1,0,0,250000,0,OK,CST, , ,C,93, ,0,0, , ,0,33,0, ,0, , ,06/20/1951,2320,36.30,-98.18, , ,"","",384
10028735,OSBORNE CO., ,06/21/1951,100,Tornado,0, ,0,0,0,0,KS,CST, , ,C,141, ,0,0, , ,22.2,33,0, ,0, , ,06/21/1951,100,39.37,-98.88,39.40,-98.47,"","",385
10099739,CIMARRON CO., ,06/21/1951,1700,Tornado,0,F1,0,0,2500,0,OK,CST, , ,C,25, ,0,0, , ,4.3,33,0, ,0, , ,06/21/1951,1700,36.63,-102.78,36.67,-102.72,"","",386
10004032,PULASKI CO., ,06/21/1951,1950,Tornado,0,F3,0,2,2500000,0,IN,CST, , ,C,131, ,0,0, , ,2.7,1760,0, ,0, , ,06/21/1951,1950,41.12,-86.48,41.12,-86.42,"","",387
10004033,FULTON CO., ,06/21/1951,2000,Tornado,0,F3,0,2,2500000,0,IN,CST, , ,C,49, ,0,0, , ,2.7,1760,0, ,0, , ,06/21/1951,2000,41.12,-86.42,41.12,-86.35,"","",388
10028736,RUSH CO., ,06/21/1951,2300,Tornado,0,F2,0,0,0,0,KS,CST, , ,C,165, ,0,0, , ,0,33,0, ,0, , ,06/21/1951,2300,38.53,-99.32, , ,"","",389
10025119,GREENWOOD CO., ,06/22/1951,200,Tornado,0, ,0,0,250,0,KS,CST, , ,C,73, ,0,0, , ,0,33,0, ,0, , ,06/22/1951,200,37.83,-96.30, , ,"","",390
10086812,CUYAHOGA CO., ,06/22/1951,1530,Tornado,0,F2,0,0,2500000,0,OH,CST, , ,C,35, ,0,0, , ,1,100,0, ,0, , ,06/22/1951,1530,41.42,-81.85, , ,"","",391
10025120,MORTON CO., ,06/23/1951,2200,Tornado,0, ,1,0,25000,0,KS,CST, , ,C,129, ,0,0, , ,0,33,0, ,0, , ,06/23/1951,2200,37.12,-101.62, , ,"","",392
10025121,STEVENS CO., ,06/23/1951,2200,Tornado,0,F2,1,5,25000,0,KS,CST, , ,C,189, ,0,0, , ,0,33,0, ,0, , ,06/23/1951,2200,37.18,-101.35, , ,"","",393
10117454,BAMBERG CO., ,06/24/1951,1400,Tornado,0,F1,0,0,25000,0,SC,CST, , ,C,9, ,0,0, , ,0,33,0, ,0, , ,06/24/1951,1400,33.32,-81.13, , ,"","",394
10052054,MARTIN CO., ,06/25/1951,1500,Tornado,0,F2,0,0,250000,0,MN,CST, , ,C,91, ,0,0, , ,14.2,33,0, ,0, , ,06/25/1951,1500,43.57,-94.77,43.60,-94.48,"","",395
10073793,CHEYENNE CO., ,06/25/1951,1530,Tornado,0,F2,0,1,0,0,NE,CST, , ,C,33, ,0,0, , ,10.4,57,0, ,0, , ,06/25/1951,1530,41.10,-103.05,41.22,-102.92,"","",396
10017015,HANCOCK CO., ,06/25/1951,1707,Tornado,0,F2,0,8,0,0,IA,CST, , ,C,81, ,0,0, , ,.8,500,0, ,0, , ,06/25/1951,1707,43.22,-93.80, , ,"","",397
9991335,SEDGWICK CO., ,06/25/1951,1745,Tornado,0,F1,0,1,0,0,CO,CST, , ,C,115, ,0,0, , ,20.2,33,0, ,0, , ,06/25/1951,1745,40.85,-102.50,40.58,-102.33,"","",398
10147654,WOOD CO., ,06/26/1951,1445,Tornado,0,F1,0,1,0,0,WV,CST, , ,C,107, ,0,0, , ,0,250,0, ,0, , ,06/26/1951,1445,39.13,-81.70,39.13,-81.70,"","",399
10039192,MIDLAND CO., ,06/26/1951,1800,Tornado,0,F1,0,0,25000,0,MI,CST, , ,C,111, ,0,0, , ,0,33,0, ,0, , ,06/26/1951,1800,43.67,-84.33, , ,"","",400
10025122,TREGO CO., ,06/27/1951,10,Tornado,0,F4,5,100,2500000,0,KS,CST, , ,C,195, ,0,0, , ,.8,300,0, ,0, , ,06/27/1951,10,39.03,-99.88, , ,"","",401
10025123,ELLIS CO., ,06/27/1951,100,Tornado,0,F1,0,0,2500,0,KS,CST, , ,C,51, ,0,0, , ,0,33,0, ,0, , ,06/27/1951,100,38.87,-99.37, , ,"","",402
10086813,BUTLER CO., ,06/27/1951,600,Tornado,0,F1,0,0,2500000,0,OH,CST, , ,C,17, ,0,0, , ,4.7,33,0, ,0, , ,06/27/1951,600,39.50,-84.58,39.53,-84.50,"","",403
10153062,NEWPORT NEWS (C) CO., ,06/27/1951,1500,Tornado,0,F1,0,0,2500,0,VA,CST, , ,C,700, ,0,0, , ,0,33,0, ,0, , ,06/27/1951,1500,37.12,-76.53, , ,"","",404
10009721,LOGAN CO., ,06/27/1951,1930,Tornado,0,F3,0,35,2500000,0,IL,CST, , ,C,107, ,0,0, , ,9.6,300,0, ,0, , ,06/27/1951,1930,39.95,-89.17,39.95,-88.98,"","",405
10009722,LOGAN CO., ,06/27/1951,2045,Tornado,0,F3,1,15,2500000,0,IL,CST, , ,C,107, ,0,0, , ,18.2,200,0, ,0, , ,06/27/1951,2045,40.27,-89.47,40.27,-89.12,"","",406
10104935,ARMSTRONG CO., ,06/27/1951,2204,Tornado,0,F2,0,0,2500,0,PA,CST, , ,C,5, ,0,0, , ,19.7,33,0, ,0, , ,06/27/1951,2204,40.58,-79.25,40.87,-79.18,"","",407
10123411,LAMB CO., ,07/02/1951,15,Tornado,0,F2,0,0,250000,0,TX,CST, , ,C,279, ,0,0, , ,1,20,0, ,0, , ,07/02/1951,15,34.18,-102.12, , ,"","",408
10146808,RICHLAND CO., ,07/03/1951,2000,Tornado,0,F2,0,0,25000,0,WI,CST, , ,C,103, ,0,0, , ,.5,50,0, ,0, , ,07/03/1951,2000,43.48,-90.23, , ,"","",409
10063623,JASPER CO., ,07/04/1951,100,Tornado,0,F2,0,1,250000,0,MO,CST, , ,C,97, ,0,0, , ,.1,100,0, ,0, , ,07/04/1951,100,37.15,-94.47, , ,"","",410
10025124,FORD CO., ,07/04/1951,2100,Tornado,0, ,0,0,2500,0,KS,CST, , ,C,57, ,0,0, , ,0,33,0, ,0, , ,07/04/1951,2100,37.58,-99.60, , ,"","",411
10077701,BRUNSWICK CO., ,07/06/1951,1100,Tornado,0,F1,0,0,25000,0,NC,CST, , ,C,19, ,0,0, , ,0,33,0, ,0, , ,07/06/1951,1100,33.92,-78.23, , ,"","",412
10073794,PERKINS CO., ,07/07/1951,1730,Tornado,0,F0,0,0,25000,0,NE,CST, , ,C,135, ,0,0, , ,5.1,33,0, ,0, , ,07/07/1951,1730,40.85,-101.55,40.88,-101.45,"","",413
10025336,ROOKS CO., ,07/07/1951,1800,Tornado,0,F2,0,0,2500,0,KS,CST, , ,C,163, ,0,0, , ,0,33,0, ,0, , ,07/07/1951,1800,39.25,-99.57, , ,"","",414
10110747,ROBERTS CO., ,07/08/1951,2000,Tornado,0,F2,0,1,0,0,SD,CST, , ,C,109, ,0,0, , ,0,33,0, ,0, , ,07/08/1951,2000,45.37,-96.83, , ,"","",415
10063624,RAY CO., ,07/08/1951,2015,Tornado,0,F2,0,0,25000,0,MO,CST, , ,C,177, ,0,0, , ,2.3,100,0, ,0, , ,07/08/1951,2015,39.22,-94.02,39.25,-94.02,"","",416
10004034,HOWARD CO., ,07/09/1951,100,Tornado,0,F2,0,0,250000,0,IN,CST, , ,C,67, ,0,0, , ,1,1760,0, ,0, , ,07/09/1951,100,40.48,-86.12, , ,"","",417
10063625,HOWELL CO., ,07/09/1951,2345,Tornado,0,F1,0,0,250,0,MO,CST, , ,C,91, ,0,0, , ,2,440,0, ,0, , ,07/09/1951,2345,36.55,-91.70, , ,"","",418
10073795,DEUEL CO., ,07/13/1951,2000,Tornado,0,F0,0,0,0,0,NE,CST, , ,C,49, ,0,0, , ,0,33,0, ,0, , ,07/13/1951,2000,41.23,-102.58, , ,"","",419
10099742,KINGFISHER CO., ,07/15/1951,1620,Tornado,0,F2,0,0,250,0,OK,CST, , ,C,73, ,0,0, , ,0,100,0, ,0, , ,07/15/1951,1620,34.80,-94.80, , ,"","",420
10099740,KINGFISHER CO., ,07/15/1951,1620,Tornado,0,F0,0,0,0,0,OK,CST, , ,C,73, ,0,0, , ,0,100,0, ,0, , ,07/15/1951,1620,34.80,-94.80, , ,"","",421
10099741,KINGFISHER CO., ,07/15/1951,1620,Tornado,0,F0,0,0,0,0,OK,CST, , ,C,73, ,0,0, , ,0,100,0, ,0, , ,07/15/1951,1620,34.80,-94.80, , ,"","",422
10017016,O'BRIEN CO., ,07/17/1951,1745,Tornado,0,F1,0,2,0,0,IA,CST, , ,C,141, ,0,0, , ,0,33,0, ,0, , ,07/17/1951,1745,43.18,-95.87, , ,"","",423
10110748,CODINGTON CO., ,07/20/1951,1815,Tornado,0,F2,0,4,0,0,SD,CST, , ,C,29, ,0,0, , ,1,33,0, ,0, , ,07/20/1951,1815,44.90,-96.08, , ,"","",424
10052055,HENNEPIN CO., ,07/20/1951,2100,Tornado,0,F3,5,40,25000000,0,MN,CST, , ,C,53, ,0,0, , ,11.6,33,0, ,0, , ,07/20/1951,2100,44.93,-93.50,44.88,-93.27,"","",425
10104936,BRADFORD CO., ,07/21/1951,1100,Tornado,0,F0,0,0,250,0,PA,CST, , ,C,15, ,0,0, , ,.1,33,0, ,0, , ,07/21/1951,1100,41.80,-76.47, , ,"","",426
10039193,WASHTENAW CO., ,07/21/1951,2200,Tornado,0,F2,0,0,25000,0,MI,CST, , ,C,161, ,0,0, , ,.5,217,0, ,0, , ,07/21/1951,2200,42.15,-83.55, , ,"","",427
10025337,CLOUD CO., ,07/22/1951,50,Tornado,0, ,0,0,2500,0,KS,CST, , ,C,29, ,0,0, , ,7.7,33,0, ,0, , ,07/22/1951,50,39.48,-97.58,39.40,-97.48,"","",428
9985763,HILLSBOROUGH CO., ,07/22/1951,1520,Tornado,0,F2,0,0,2500,0,FL,CST, , ,C,57, ,0,0, , ,0,33,0, ,0, , ,07/22/1951,1520,27.73,-82.43, , ,"","",429
10099743,ELLIS CO., ,07/27/1951,1530,Tornado,0,F1,0,0,2500,0,OK,CST, , ,C,45, ,0,0, , ,0,33,0, ,0, , ,07/27/1951,1530,36.13,-99.80, , ,"","",430
10025338,FORD CO., ,08/06/1951,1500,Tornado,0, ,0,0,30,0,KS,CST, , ,C,57, ,0,0, , ,0,33,0, ,0, , ,08/06/1951,1500,37.55,-99.63, , ,"","",431
10025339,MORTON CO., ,08/07/1951,1700,Tornado,0,F1,0,0,2500,0,KS,CST, , ,C,129, ,0,0, , ,0,33,0, ,0, , ,08/07/1951,1700,37.05,-101.77, , ,"","",432
10025340,TREGO CO., ,08/07/1951,2130,Tornado,0, ,0,0,0,0,KS,CST, , ,C,195, ,0,0, , ,0,33,0, ,0, , ,08/07/1951,2130,38.75,-99.83, , ,"","",433
10073796,MORRILL CO., ,08/08/1951,1500,Tornado,0,F1,0,0,25000,0,NE,CST, , ,C,123, ,0,0, , ,0,440,0, ,0, , ,08/08/1951,1500,41.75,-103.25,41.77,-103.20,"","",434
10077702,CATAWBA CO., ,08/09/1951,1100,Tornado,0,F2,0,0,25000,0,NC,CST, , ,C,35, ,0,0, , ,.5,100,0, ,0, , ,08/09/1951,1100,35.75,-81.33, , ,"","",435
10099744,LOGAN CO., ,08/10/1951,1357,Tornado,0,F1,0,2,25000,0,OK,CST, , ,C,83, ,0,0, , ,5.9,200,0, ,0, , ,08/10/1951,1357,35.80,-97.20,35.88,-97.17,"","",436
10080566,UNION CO., ,08/10/1951,1530,Tornado,0,F0,0,0,30,0,NM,CST, , ,C,59, ,0,0, , ,12.2,30,0, ,0, , ,08/10/1951,1530,36.67,-103.95,36.78,-103.78,"","",437
10025341,CHEYENNE CO., ,08/10/1951,1830,Tornado,0, ,0,0,25000,0,KS,CST, , ,C,23, ,0,0, , ,2.3,250,0, ,0, , ,08/10/1951,1830,39.87,-101.67,39.87,-101.62,"","",438
10025342,MCPHERSON CO., ,08/13/1951,230,Tornado,0, ,0,0,25000,0,KS,CST, , ,C,113, ,0,0, , ,0,33,0, ,0, , ,08/13/1951,230,38.23,-97.77, , ,"","",439
10025343,MCPHERSON CO., ,08/13/1951,230,Tornado,0, ,0,0,25000,0,KS,CST, , ,C,113, ,0,0, , ,0,33,0, ,0, , ,08/13/1951,230,38.23,-97.77, , ,"","",440
10089658,HETTINGER CO., ,08/14/1951,1500,Tornado,0,F1,0,0,250,0,ND,CST, , ,C,41, ,0,0, , ,0,33,0, ,0, , ,08/14/1951,1500,46.38,-102.25, , ,"","",441
10039407,EATON CO., ,08/15/1951,1400,Tornado,0,F1,0,0,250000,0,MI,CST, , ,C,45, ,0,0, , ,2.3,100,0, ,0, , ,08/15/1951,1400,42.67,-84.83,42.70,-84.78,"","",442
10039408,LAPEER CO., ,08/15/1951,1400,Tornado,0,F1,0,0,25000,0,MI,CST, , ,C,87, ,0,0, , ,.2,300,0, ,0, , ,08/15/1951,1400,43.18,-83.22, , ,"","",443
10039409,CLINTON CO., ,08/15/1951,1430,Tornado,0,F2,0,0,250000,0,MI,CST, , ,C,37, ,0,0, , ,28.5,333,0, ,0, , ,08/15/1951,1430,42.90,-84.88,43.00,-84.33,"","",444
9986150,TOLLAND CO., ,08/20/1951,1530,Tornado,0,F2,0,0,25000,0,CT,CST, , ,C,13, ,0,0, , ,0,50,0, ,0, , ,08/20/1951,1530,41.87,-72.25, , ,"","",445
10039198,ESSEX CO., ,08/21/1951,1400,Tornado,0,F2,0,0,2500,0,MA,CST, , ,C,9, ,0,0, , ,9.3,100,0, ,0, , ,08/21/1951,1400,42.70,-71.13,42.77,-70.97,"","",446
10081383,ROCKINGHAM CO., ,08/21/1951,1400,Tornado,0,F2,0,0,2500,0,NH,CST, , ,C,15, ,0,0, , ,4.9,67,0, ,0, , ,08/21/1951,1400,42.83,-71.13,42.90,-71.07,"","",447
9986151,LITCHFIELD CO., ,08/21/1951,1615,Tornado,0,F2,0,9,250000,0,CT,CST, , ,C,5, ,0,0, , ,43.9,100,0, ,0, , ,08/21/1951,1615,41.62,-73.42,41.80,-72.60,"","",448
9986152,MIDDLESEX CO., ,08/21/1951,1630,Tornado,0,F3,0,8,250000,0,CT,CST, , ,C,7, ,0,0, , ,0,33,0, ,0, , ,08/21/1951,1630,41.58,-72.50, , ,"","",449
10032657,CALCASIEU PAR., ,08/22/1951,1500,Tornado,0,F1,0,0,25000,0,LA,CST, , ,C,19, ,0,0, , ,.5,33,0, ,0, , ,08/22/1951,1500,30.25,-93.42, , ,"","",450
10025344,RUSH CO., ,08/23/1951,2130,Tornado,0, ,0,0,250,0,KS,CST, , ,C,165, ,0,0, , ,0,33,0, ,0, , ,08/23/1951,2130,38.58,-99.57, , ,"","",451
10025345,FRANKLIN CO., ,08/24/1951,730,Tornado,0, ,0,0,2500,0,KS,CST, , ,C,59, ,0,0, , ,0,33,0, ,0, , ,08/24/1951,730,38.67,-95.17, , ,"","",452
10025346,RAWLINS CO., ,08/24/1951,1730,Tornado,0,F2,0,0,25000,0,KS,CST, , ,C,153, ,0,0, , ,3.3,100,0, ,0, , ,08/24/1951,1730,39.78,-100.92,39.80,-100.85,"","",453
10017017,PLYMOUTH CO., ,08/26/1951,2359,Tornado,0,F1,0,0,0,0,IA,CST, , ,C,149, ,0,0, , ,5.6,140,0, ,0, , ,08/26/1951,2359,42.85,-95.95,42.92,-95.87,"","",454
10099745,WOODS CO., ,08/31/1951,1550,Tornado,0,F1,0,0,2500,0,OK,CST, , ,C,151, ,0,0, , ,.5,440,0, ,0, , ,08/31/1951,1550,36.73,-98.67, , ,"","",455
10025347,SALINE CO., ,08/31/1951,1620,Tornado,0, ,0,0,25000,0,KS,CST, , ,C,169, ,0,0, , ,0,33,0, ,0, , ,08/31/1951,1620,38.67,-97.67, , ,"","",456
10025348,DICKINSON CO., ,08/31/1951,1620,Tornado,0, ,0,0,25000,0,KS,CST, , ,C,41, ,0,0, , ,0,33,0, ,0, , ,08/31/1951,1620,38.67,-96.95, , ,"","",457
10032658,WINN PAR., ,09/02/1951,1615,Tornado,0,F1,0,0,25000,0,LA,CST, , ,C,127, ,0,0, , ,.5,100,0, ,0, , ,09/02/1951,1615,31.92,-92.73, , ,"","",458
10047282,LOWNDES CO., ,09/09/1951,915,Tornado,0,F2,0,0,0,0,MS,CST, , ,C,87, ,0,0, , ,.1,100,0, ,0, , ,09/09/1951,915,33.50,-88.43, , ,"","",459
10099746,CRAIG CO., ,09/09/1951,1620,Tornado,0,F2,0,0,2500,0,OK,CST, , ,C,35, ,0,0, , ,2,67,0, ,0, , ,09/09/1951,1620,36.62,-95.02, , ,"","",460
10146809,PEPIN CO., ,09/12/1951,1130,Tornado,0,F3,0,0,250000,0,WI,CST, , ,C,91, ,0,0, , ,3.3,200,0, ,0, , ,09/12/1951,1130,44.63,-92.08,44.68,-92.03,"","",461
10146810,DUNN CO., ,09/12/1951,1148,Tornado,0,F3,0,1,250000,0,WI,CST, , ,C,33, ,0,0, , ,21.1,200,0, ,0, , ,09/12/1951,1148,44.68,-92.03,44.92,-91.75,"","",462
10025349,RUSH CO., ,09/23/1951,2130,Tornado,0, ,0,0,250,0,KS,CST, , ,C,165, ,0,0, , ,.8,100,0, ,0, , ,09/23/1951,2130,38.62,-99.52, , ,"","",463
10146811,PORTAGE CO., ,09/26/1951,1545,Tornado,0,F4,0,0,250000,0,WI,CST, , ,C,97, ,0,0, , ,4.1,100,0, ,0, , ,09/26/1951,1545,44.33,-89.30,44.37,-89.22,"","",464
10146812,WAUPACA CO., ,09/26/1951,1608,Tornado,0,F4,6,3,250000,0,WI,CST, , ,C,135, ,0,0, , ,22.3,100,0, ,0, , ,09/26/1951,1608,44.37,-89.22,44.47,-88.78,"","",465
10146813,COLUMBIA CO., ,09/26/1951,1630,Tornado,0,F4,1,9,250000,0,WI,CST, , ,C,21, ,0,0, , ,9,100,0, ,0, , ,09/26/1951,1630,43.47,-89.25,43.53,-89.08,"","",466
10039410,NEWAYGO CO., ,09/26/1951,2100,Tornado,0,F2,1,3,0,0,MI,CST, , ,C,123, ,0,0, , ,2.3,440,0, ,0, , ,09/26/1951,2100,43.78,-85.87,43.78,-85.80,"","",467
10032659,JEFFERSON PAR., ,09/27/1951,1030,Tornado,0,F2,0,0,25000,0,LA,CST, , ,C,51, ,0,0, , ,1,20,0, ,0, , ,09/27/1951,1030,29.87,-90.13, , ,"","",468
10099747,NOBLE CO., ,10/21/1951,2030,Tornado,0,F1,0,0,2500,0,OK,CST, , ,C,103, ,0,0, , ,2,880,0, ,0, , ,10/21/1951,2030,36.53,-97.07, , ,"","",469
9983008,YELL CO., ,10/23/1951,300,Tornado,0,F2,0,4,0,0,AR,CST, , ,C,149, ,0,0, , ,0,33,0, ,0, , ,10/23/1951,300,35.00,-93.50, , ,"","",470
10153063,YORK CO., ,11/01/1951,640,Tornado,0,F1,0,0,2500,0,VA,CST, , ,C,199, ,0,0, , ,0,230,0, ,0, , ,11/01/1951,640,37.22,-76.52, , ,"","",471
10032660,ORLEANS PAR., ,11/01/1951,700,Tornado,0,F1,0,0,25000,0,LA,CST, , ,C,71, ,0,0, , ,.3,100,0, ,0, , ,11/01/1951,700,30.08,-89.80, , ,"","",472
10009723,MASON CO., ,11/13/1951,1315,Tornado,0,F2,0,0,25000,0,IL,CST, , ,C,125, ,0,0, , ,47.4,50,0, ,0, , ,11/13/1951,1315,40.20,-89.72,40.60,-88.98,"","",473
10063626,NEW MADRID CO., ,11/13/1951,1330,Tornado,0,F3,0,1,25000,0,MO,CST, , ,C,143, ,0,0, , ,1,27,0, ,0, , ,11/13/1951,1330,36.62,-89.75, , ,"","",474
10009724,JACKSON CO., ,11/13/1951,1450,Tornado,0,F2,0,7,250000,0,IL,CST, , ,C,77, ,0,0, , ,7.1,250,0, ,0, , ,11/13/1951,1450,37.90,-89.53,37.97,-89.43,"","",475
10004035,LAKE CO., ,11/13/1951,1600,Tornado,0,F2,0,0,250000,0,IN,CST, , ,C,89, ,0,0, , ,.3,400,0, ,0, , ,11/13/1951,1600,41.60,-87.33, , ,"","",476
10035924,MARSHALL CO., ,11/13/1951,1750,Tornado,0,F3,1,11,250000,0,KY,CST, , ,C,157, ,0,0, , ,2,33,0, ,0, , ,11/13/1951,1750,37.02,-88.33, , ,"","",477
10126029,GILES CO., ,11/14/1951,2200,Tornado,0,F2,0,0,25000,0,TN,CST, , ,C,55, ,0,0, , ,.2,7,0, ,0, , ,11/14/1951,2200,35.22,-87.03, , ,"","",478
9979426,CULLMAN CO., ,11/15/1951,1500,Tornado,0,F2,0,2,2500,0,AL,CST, , ,C,43, ,0,0, , ,0,150,0, ,0, , ,11/15/1951,1500,34.20,-86.70, , ,"","",479
9979427,LAUDERDALE CO., ,11/15/1951,2000,Tornado,0,F2,0,6,2500,0,AL,CST, , ,C,77, ,0,0, , ,1.5,177,0, ,0, , ,11/15/1951,2000,34.83,-87.80, , ,"","",480
9979428,BLOUNT CO., ,11/16/1951,100,Tornado,0,F2,0,1,2500,0,AL,CST, , ,C,9, ,0,0, , ,1.5,33,0, ,0, , ,11/16/1951,100,34.08,-86.52, , ,"","",481
10001436,DOUGHERTY CO., ,11/16/1951,655,Tornado,0,F1,0,0,2500,0,GA,CST, , ,C,95, ,0,0, , ,.5,100,0, ,0, , ,11/16/1951,655,31.53,-84.17, , ,"","",482
9985764,POLK CO., ,12/04/1951,1125,Tornado,0,F1,0,0,2500,0,FL,CST, , ,C,105, ,0,0, , ,0,27,0, ,0, , ,12/04/1951,1125,28.12,-82.03, , ,"","",483
10105002,LANE CO., ,12/06/1951,1740,Tornado,0,F1,0,0,30,0,OR,CST, , ,C,39, ,0,0, , ,.3,50,0, ,0, , ,12/06/1951,1740,44.18,-123.23, , ,"","",484
10009725,BUREAU CO., ,12/06/1951,1800,Tornado,0,F3,1,1,250000,0,IL,CST, , ,C,11, ,0,0, , ,21.9,150,0, ,0, , ,12/06/1951,1800,41.33,-89.18,41.65,-89.12,"","",485
10047283,WARREN CO., ,12/08/1951,1730,Tornado,0, ,0,0,2500,0,MS,CST, , ,C,149, ,0,0, , ,.5,350,0, ,0, , ,12/08/1951,1730,32.17,-90.80, , ,"","",486
9985765,DUVAL CO., ,12/18/1951,1330,Tornado,0,F1,0,0,2500,0,FL,CST, , ,C,31, ,0,0, , ,.5,33,0, ,0, , ,12/18/1951,1330,30.35,-81.75, , ,"","",487
10039199,DUKES CO., ,12/18/1951,1700,Tornado,0,F2,0,0,0,0,MA,CST, , ,C,7, ,0,0, , ,0,33,0, ,0, , ,12/18/1951,1700,41.37,-70.53, , ,"","",488
9985766,POLK CO., ,12/18/1951,1745,Tornado,0,F2,0,0,25000,0,FL,CST, , ,C,105, ,0,0, , ,0,150,0, ,0, , ,12/18/1951,1745,27.75,-81.80, , ,"","",489
9985767,PINELLAS CO., ,12/18/1951,1800,Tornado,0,F1,0,0,2500,0,FL,CST, , ,C,103, ,0,0, , ,2.8,100,0, ,0, , ,12/18/1951,1800,27.77,-82.63, , ,"","",490
9985768,POLK CO., ,12/18/1951,1830,Tornado,0,F2,0,0,250,0,FL,CST, , ,C,105, ,0,0, , ,0,33,0, ,0, , ,12/18/1951,1830,27.78,-81.53, , ,"","",491
10047284,WINSTON CO., ,12/20/1951,1515,Tornado,0, ,0,0,25000,0,MS,CST, , ,C,159, ,0,0, , ,2,900,0, ,0, , ,12/20/1951,1515,33.13,-89.05, , ,"","",492
10104937,CRAWFORD CO., ,01/17/1952,1934,Tornado,0,F2,0,0,250000,0,PA,CST, , ,C,39, ,0,0, , ,.5,400,0, ,0, , ,01/17/1952,1934,41.60,-80.30, , ,"","",493
10001437,MITCHELL CO., ,01/22/1952,700,Tornado,0,F2,0,0,250000,0,GA,CST, , ,C,205, ,0,0, , ,1.9,350,0, ,0, , ,01/22/1952,700,31.27,-84.02,31.28,-84.00,"","",494
10001438,COLQUITT CO., ,01/22/1952,705,Tornado,0,F2,0,8,250000,0,GA,CST, , ,C,71, ,0,0, , ,6.8,350,0, ,0, , ,01/22/1952,705,31.28,-84.00,31.33,-83.90,"","",495
9979429,TALLAPOOSA CO., ,01/22/1952,900,Tornado,0,F1,0,0,2500,0,AL,CST, , ,C,123, ,0,0, , ,0,33,0, ,0, , ,01/22/1952,900,32.92,-85.97, , ,"","",496
9983009,ARKANSAS CO., ,01/26/1952,1530,Tornado,0,F1,0,0,25000,0,AR,CST, , ,C,1, ,0,0, , ,0,33,0, ,0, , ,01/26/1952,1530,34.42,-91.40, , ,"","",497
9983010,ARKANSAS CO., ,01/26/1952,1600,Tornado,0,F1,0,0,25000,0,AR,CST, , ,C,1, ,0,0, , ,0,33,0, ,0, , ,01/26/1952,1600,34.48,-91.55, , ,"","",498
10001439,MONROE CO., ,01/28/1952,340,Tornado,0,F1,0,0,25000,0,GA,CST, , ,C,207, ,0,0, , ,3.8,400,0, ,0, , ,01/28/1952,340,33.03,-83.97,33.03,-83.90,"","",499
9985769,CALHOUN CO., ,01/28/1952,530,Tornado,0,F1,0,3,25000,0,FL,CST, , ,C,13, ,0,0, , ,.5,17,0, ,0, , ,01/28/1952,530,30.47,-85.25, , ,"","",500
